event_id,scenario_id,timestamp,feeder_id,src_device,dst_device,protocol,message_type,direction,sequence,point_id,value,unit,quality,delivery_status,latency_ms,injected,replay_of_event_id,original_value,reported_value,command_id,result,label,attack_id,mitre_technique
multi_step_attack_ieee37-atk001,multi_step_attack_ieee37,2010-07-01T00:00:00,ieee37,SCADA_MASTER,RTU_ieee37,DNP3,QUERY,SCADA_TO_RTU,1,,,,GOOD,DELIVERED,0,1,,,,SCAN-ieee37-POINTS,SCAN,ATTACK,multi_step_attack,T0846
multi_step_attack_ieee37-atk010,multi_step_attack_ieee37,2010-07-01T00:00:00,ieee37,RTU_ieee37,SCADA_MASTER,DNP3,REPORT,RTU_TO_SCADA,10,BUS_703_VPU_BC,0.8793103763609587,pu,GOOD,DELIVERED,0,0,,,,,DISCOVERED,ATTACK,multi_step_attack,T0846
multi_step_attack_ieee37-atk100,multi_step_attack_ieee37,2010-07-01T00:00:00,ieee37,RTU_ieee37,SCADA_MASTER,DNP3,REPORT,RTU_TO_SCADA,100,BUS_741_VPU_BC,0.8692732157817482,pu,GOOD,DELIVERED,0,0,,,,,DISCOVERED,ATTACK,multi_step_attack,T0846
multi_step_attack_ieee37-atk101,multi_step_attack_ieee37,2010-07-01T00:00:00,ieee37,RTU_ieee37,SCADA_MASTER,DNP3,REPORT,RTU_TO_SCADA,101,BUS_741_VPU_CA,0.8904792631555125,pu,GOOD,DELIVERED,0,0,,,,,DISCOVERED,ATTACK,multi_step_attack,T0846
multi_step_attack_ieee37-atk102,multi_step_attack_ieee37,2010-07-01T00:00:00,ieee37,RTU_ieee37,SCADA_MASTER,DNP3,REPORT,RTU_TO_SCADA,102,BUS_742_VPU_AB,0.9062053525325588,pu,GOOD,DELIVERED,0,0,,,,,DISCOVERED,ATTACK,multi_step_attack,T0846
multi_step_attack_ieee37-atk103,multi_step_attack_ieee37,2010-07-01T00:00:00,ieee37,RTU_ieee37,SCADA_MASTER,DNP3,REPORT,RTU_TO_SCADA,103,BUS_742_VPU_BC,0.8827208353387134,pu,GOOD,DELIVERED,0,0,,,,,DISCOVERED,ATTACK,multi_step_attack,T0846
multi_step_attack_ieee37-atk104,multi_step_attack_ieee37,2010-07-01T00:00:00,ieee37,RTU_ieee37,SCADA_MASTER,DNP3,REPORT,RTU_TO_SCADA,104,BUS_742_VPU_CA,0.9145593783275594,pu,GOOD,DELIVERED,0,0,,,,,DISCOVERED,ATTACK,multi_step_attack,T0846
multi_step_attack_ieee37-atk105,multi_step_attack_ieee37,2010-07-01T00:00:00,ieee37,RTU_ieee37,SCADA_MASTER,DNP3,REPORT,RTU_TO_SCADA,105,BUS_744_VPU_AB,0.8940611809581672,pu,GOOD,DELIVERED,0,0,,,,,DISCOVERED,ATTACK,multi_step_attack,T0846
multi_step_attack_ieee37-atk106,multi_step_attack_ieee37,2010-07-01T00:00:00,ieee37,RTU_ieee37,SCADA_MASTER,DNP3,REPORT,RTU_TO_SCADA,106,BUS_744_VPU_BC,0.8786100479149951,pu,GOOD,DELIVERED,0,0,,,,,DISCOVERED,ATTACK,multi_step_attack,T0846
multi_step_attack_ieee37-atk107,multi_step_attack_ieee37,2010-07-01T00:00:00,ieee37,RTU_ieee37,SCADA_MASTER,DNP3,REPORT,RTU_TO_SCADA,107,BUS_744_VPU_CA,0.9072577408525715,pu,GOOD,DELIVERED,0,0,,,,,DISCOVERED,ATTACK,multi_step_attack,T0846
multi_step_attack_ieee37-atk108,multi_step_attack_ieee37,2010-07-01T00:00:00,ieee37,RTU_ieee37,SCADA_MASTER,DNP3,REPORT,RTU_TO_SCADA,108,BUS_799_VPU_AB,0.9311139465736041,pu,GOOD,DELIVERED,0,0,,,,,DISCOVERED,ATTACK,multi_step_attack,T0846
multi_step_attack_ieee37-atk109,multi_step_attack_ieee37,2010-07-01T00:00:00,ieee37,RTU_ieee37,SCADA_MASTER,DNP3,REPORT,RTU_TO_SCADA,109,BUS_799_VPU_BC,0.9105753028472295,pu,GOOD,DELIVERED,0,0,,,,,DISCOVERED,ATTACK,multi_step_attack,T0846
multi_step_attack_ieee37-atk011,multi_step_attack_ieee37,2010-07-01T00:00:00,ieee37,RTU_ieee37,SCADA_MASTER,DNP3,REPORT,RTU_TO_SCADA,11,BUS_703_VPU_CA,0.9087266560248548,pu,GOOD,DELIVERED,0,0,,,,,DISCOVERED,ATTACK,multi_step_attack,T0846
multi_step_attack_ieee37-atk110,multi_step_attack_ieee37,2010-07-01T00:00:00,ieee37,RTU_ieee37,SCADA_MASTER,DNP3,REPORT,RTU_TO_SCADA,110,BUS_799_VPU_CA,0.9385237751075992,pu,GOOD,DELIVERED,0,0,,,,,DISCOVERED,ATTACK,multi_step_attack,T0846
multi_step_attack_ieee37-atk111,multi_step_attack_ieee37,2010-07-01T00:00:00,ieee37,RTU_ieee37,SCADA_MASTER,DNP3,REPORT,RTU_TO_SCADA,111,CTRL_load_load_001_kvar_multiplier,1.0,pu,GOOD,DELIVERED,0,0,,,,,DISCOVERED,ATTACK,multi_step_attack,T0846
multi_step_attack_ieee37-atk112,multi_step_attack_ieee37,2010-07-01T00:00:00,ieee37,RTU_ieee37,SCADA_MASTER,DNP3,REPORT,RTU_TO_SCADA,112,CTRL_load_load_001_kw_multiplier,1.0,pu,GOOD,DELIVERED,0,0,,,,,DISCOVERED,ATTACK,multi_step_attack,T0846
multi_step_attack_ieee37-atk113,multi_step_attack_ieee37,2010-07-01T00:00:00,ieee37,RTU_ieee37,SCADA_MASTER,DNP3,REPORT,RTU_TO_SCADA,113,CTRL_load_load_002_kvar_multiplier,1.0,pu,GOOD,DELIVERED,0,0,,,,,DISCOVERED,ATTACK,multi_step_attack,T0846
multi_step_attack_ieee37-atk114,multi_step_attack_ieee37,2010-07-01T00:00:00,ieee37,RTU_ieee37,SCADA_MASTER,DNP3,REPORT,RTU_TO_SCADA,114,CTRL_load_load_002_kw_multiplier,1.0,pu,GOOD,DELIVERED,0,0,,,,,DISCOVERED,ATTACK,multi_step_attack,T0846
multi_step_attack_ieee37-atk115,multi_step_attack_ieee37,2010-07-01T00:00:00,ieee37,RTU_ieee37,SCADA_MASTER,DNP3,REPORT,RTU_TO_SCADA,115,CTRL_load_load_003_kvar_multiplier,1.0,pu,GOOD,DELIVERED,0,0,,,,,DISCOVERED,ATTACK,multi_step_attack,T0846
multi_step_attack_ieee37-atk116,multi_step_attack_ieee37,2010-07-01T00:00:00,ieee37,RTU_ieee37,SCADA_MASTER,DNP3,REPORT,RTU_TO_SCADA,116,CTRL_load_load_003_kw_multiplier,1.0,pu,GOOD,DELIVERED,0,0,,,,,DISCOVERED,ATTACK,multi_step_attack,T0846
multi_step_attack_ieee37-atk117,multi_step_attack_ieee37,2010-07-01T00:00:00,ieee37,RTU_ieee37,SCADA_MASTER,DNP3,REPORT,RTU_TO_SCADA,117,CTRL_load_load_004_kvar_multiplier,1.0,pu,GOOD,DELIVERED,0,0,,,,,DISCOVERED,ATTACK,multi_step_attack,T0846
multi_step_attack_ieee37-atk118,multi_step_attack_ieee37,2010-07-01T00:00:00,ieee37,RTU_ieee37,SCADA_MASTER,DNP3,REPORT,RTU_TO_SCADA,118,CTRL_load_load_004_kw_multiplier,1.0,pu,GOOD,DELIVERED,0,0,,,,,DISCOVERED,ATTACK,multi_step_attack,T0846
multi_step_attack_ieee37-atk119,multi_step_attack_ieee37,2010-07-01T00:00:00,ieee37,RTU_ieee37,SCADA_MASTER,DNP3,REPORT,RTU_TO_SCADA,119,CTRL_load_load_005_kvar_multiplier,1.0,pu,GOOD,DELIVERED,0,0,,,,,DISCOVERED,ATTACK,multi_step_attack,T0846
multi_step_attack_ieee37-atk012,multi_step_attack_ieee37,2010-07-01T00:00:00,ieee37,RTU_ieee37,SCADA_MASTER,DNP3,REPORT,RTU_TO_SCADA,12,BUS_704_VPU_AB,0.8989292582128837,pu,GOOD,DELIVERED,0,0,,,,,DISCOVERED,ATTACK,multi_step_attack,T0846
multi_step_attack_ieee37-atk120,multi_step_attack_ieee37,2010-07-01T00:00:00,ieee37,RTU_ieee37,SCADA_MASTER,DNP3,REPORT,RTU_TO_SCADA,120,CTRL_load_load_005_kw_multiplier,1.0,pu,GOOD,DELIVERED,0,0,,,,,DISCOVERED,ATTACK,multi_step_attack,T0846
multi_step_attack_ieee37-atk121,multi_step_attack_ieee37,2010-07-01T00:00:00,ieee37,RTU_ieee37,SCADA_MASTER,DNP3,REPORT,RTU_TO_SCADA,121,CTRL_load_load_006_kvar_multiplier,1.0,pu,GOOD,DELIVERED,0,0,,,,,DISCOVERED,ATTACK,multi_step_attack,T0846
multi_step_attack_ieee37-atk122,multi_step_attack_ieee37,2010-07-01T00:00:00,ieee37,RTU_ieee37,SCADA_MASTER,DNP3,REPORT,RTU_TO_SCADA,122,CTRL_load_load_006_kw_multiplier,1.0,pu,GOOD,DELIVERED,0,0,,,,,DISCOVERED,ATTACK,multi_step_attack,T0846
multi_step_attack_ieee37-atk123,multi_step_attack_ieee37,2010-07-01T00:00:00,ieee37,RTU_ieee37,SCADA_MASTER,DNP3,REPORT,RTU_TO_SCADA,123,CTRL_load_load_007_kvar_multiplier,1.0,pu,GOOD,DELIVERED,0,0,,,,,DISCOVERED,ATTACK,multi_step_attack,T0846
multi_step_attack_ieee37-atk124,multi_step_attack_ieee37,2010-07-01T00:00:00,ieee37,RTU_ieee37,SCADA_MASTER,DNP3,REPORT,RTU_TO_SCADA,124,CTRL_load_load_007_kw_multiplier,1.0,pu,GOOD,DELIVERED,0,0,,,,,DISCOVERED,ATTACK,multi_step_attack,T0846
multi_step_attack_ieee37-atk125,multi_step_attack_ieee37,2010-07-01T00:00:00,ieee37,RTU_ieee37,SCADA_MASTER,DNP3,REPORT,RTU_TO_SCADA,125,CTRL_load_load_008_kvar_multiplier,1.0,pu,GOOD,DELIVERED,0,0,,,,,DISCOVERED,ATTACK,multi_step_attack,T0846
multi_step_attack_ieee37-atk126,multi_step_attack_ieee37,2010-07-01T00:00:00,ieee37,RTU_ieee37,SCADA_MASTER,DNP3,REPORT,RTU_TO_SCADA,126,CTRL_load_load_008_kw_multiplier,1.0,pu,GOOD,DELIVERED,0,0,,,,,DISCOVERED,ATTACK,multi_step_attack,T0846
multi_step_attack_ieee37-atk127,multi_step_attack_ieee37,2010-07-01T00:00:00,ieee37,RTU_ieee37,SCADA_MASTER,DNP3,REPORT,RTU_TO_SCADA,127,CTRL_load_load_009_kvar_multiplier,1.0,pu,GOOD,DELIVERED,0,0,,,,,DISCOVERED,ATTACK,multi_step_attack,T0846
multi_step_attack_ieee37-atk128,multi_step_attack_ieee37,2010-07-01T00:00:00,ieee37,RTU_ieee37,SCADA_MASTER,DNP3,REPORT,RTU_TO_SCADA,128,CTRL_load_load_009_kw_multiplier,1.0,pu,GOOD,DELIVERED,0,0,,,,,DISCOVERED,ATTACK,multi_step_attack,T0846
multi_step_attack_ieee37-atk129,multi_step_attack_ieee37,2010-07-01T00:00:00,ieee37,RTU_ieee37,SCADA_MASTER,DNP3,REPORT,RTU_TO_SCADA,129,CTRL_load_load_010_kvar_multiplier,1.0,pu,GOOD,DELIVERED,0,0,,,,,DISCOVERED,ATTACK,multi_step_attack,T0846
multi_step_attack_ieee37-atk013,multi_step_attack_ieee37,2010-07-01T00:00:00,ieee37,RTU_ieee37,SCADA_MASTER,DNP3,REPORT,RTU_TO_SCADA,13,BUS_704_VPU_BC,0.8666115296823677,pu,GOOD,DELIVERED,0,0,,,,,DISCOVERED,ATTACK,multi_step_attack,T0846
multi_step_attack_ieee37-atk130,multi_step_attack_ieee37,2010-07-01T00:00:00,ieee37,RTU_ieee37,SCADA_MASTER,DNP3,REPORT,RTU_TO_SCADA,130,CTRL_load_load_010_kw_multiplier,1.0,pu,GOOD,DELIVERED,0,0,,,,,DISCOVERED,ATTACK,multi_step_attack,T0846
multi_step_attack_ieee37-atk131,multi_step_attack_ieee37,2010-07-01T00:00:00,ieee37,RTU_ieee37,SCADA_MASTER,DNP3,REPORT,RTU_TO_SCADA,131,CTRL_load_load_011_kvar_multiplier,1.0,pu,GOOD,DELIVERED,0,0,,,,,DISCOVERED,ATTACK,multi_step_attack,T0846
multi_step_attack_ieee37-atk132,multi_step_attack_ieee37,2010-07-01T00:00:00,ieee37,RTU_ieee37,SCADA_MASTER,DNP3,REPORT,RTU_TO_SCADA,132,CTRL_load_load_011_kw_multiplier,1.0,pu,GOOD,DELIVERED,0,0,,,,,DISCOVERED,ATTACK,multi_step_attack,T0846
multi_step_attack_ieee37-atk133,multi_step_attack_ieee37,2010-07-01T00:00:00,ieee37,RTU_ieee37,SCADA_MASTER,DNP3,REPORT,RTU_TO_SCADA,133,CTRL_load_load_012_kvar_multiplier,1.0,pu,GOOD,DELIVERED,0,0,,,,,DISCOVERED,ATTACK,multi_step_attack,T0846
multi_step_attack_ieee37-atk134,multi_step_attack_ieee37,2010-07-01T00:00:00,ieee37,RTU_ieee37,SCADA_MASTER,DNP3,REPORT,RTU_TO_SCADA,134,CTRL_load_load_012_kw_multiplier,1.0,pu,GOOD,DELIVERED,0,0,,,,,DISCOVERED,ATTACK,multi_step_attack,T0846
multi_step_attack_ieee37-atk135,multi_step_attack_ieee37,2010-07-01T00:00:00,ieee37,RTU_ieee37,SCADA_MASTER,DNP3,REPORT,RTU_TO_SCADA,135,CTRL_load_load_013_kvar_multiplier,1.0,pu,GOOD,DELIVERED,0,0,,,,,DISCOVERED,ATTACK,multi_step_attack,T0846
multi_step_attack_ieee37-atk136,multi_step_attack_ieee37,2010-07-01T00:00:00,ieee37,RTU_ieee37,SCADA_MASTER,DNP3,REPORT,RTU_TO_SCADA,136,CTRL_load_load_013_kw_multiplier,1.0,pu,GOOD,DELIVERED,0,0,,,,,DISCOVERED,ATTACK,multi_step_attack,T0846
multi_step_attack_ieee37-atk137,multi_step_attack_ieee37,2010-07-01T00:00:00,ieee37,RTU_ieee37,SCADA_MASTER,DNP3,REPORT,RTU_TO_SCADA,137,CTRL_load_load_014_kvar_multiplier,1.0,pu,GOOD,DELIVERED,0,0,,,,,DISCOVERED,ATTACK,multi_step_attack,T0846
multi_step_attack_ieee37-atk138,multi_step_attack_ieee37,2010-07-01T00:00:00,ieee37,RTU_ieee37,SCADA_MASTER,DNP3,REPORT,RTU_TO_SCADA,138,CTRL_load_load_014_kw_multiplier,1.0,pu,GOOD,DELIVERED,0,0,,,,,DISCOVERED,ATTACK,multi_step_attack,T0846
multi_step_attack_ieee37-atk139,multi_step_attack_ieee37,2010-07-01T00:00:00,ieee37,RTU_ieee37,SCADA_MASTER,DNP3,REPORT,RTU_TO_SCADA,139,CTRL_load_load_015_kvar_multiplier,1.0,pu,GOOD,DELIVERED,0,0,,,,,DISCOVERED,ATTACK,multi_step_attack,T0846
multi_step_attack_ieee37-atk014,multi_step_attack_ieee37,2010-07-01T00:00:00,ieee37,RTU_ieee37,SCADA_MASTER,DNP3,REPORT,RTU_TO_SCADA,14,BUS_704_VPU_CA,0.9073305281510258,pu,GOOD,DELIVERED,0,0,,,,,DISCOVERED,ATTACK,multi_step_attack,T0846
multi_step_attack_ieee37-atk140,multi_step_attack_ieee37,2010-07-01T00:00:00,ieee37,RTU_ieee37,SCADA_MASTER,DNP3,REPORT,RTU_TO_SCADA,140,CTRL_load_load_015_kw_multiplier,1.0,pu,GOOD,DELIVERED,0,0,,,,,DISCOVERED,ATTACK,multi_step_attack,T0846
multi_step_attack_ieee37-atk141,multi_step_attack_ieee37,2010-07-01T00:00:00,ieee37,RTU_ieee37,SCADA_MASTER,DNP3,REPORT,RTU_TO_SCADA,141,CTRL_load_load_016_kvar_multiplier,1.0,pu,GOOD,DELIVERED,0,0,,,,,DISCOVERED,ATTACK,multi_step_attack,T0846
multi_step_attack_ieee37-atk142,multi_step_attack_ieee37,2010-07-01T00:00:00,ieee37,RTU_ieee37,SCADA_MASTER,DNP3,REPORT,RTU_TO_SCADA,142,CTRL_load_load_016_kw_multiplier,1.0,pu,GOOD,DELIVERED,0,0,,,,,DISCOVERED,ATTACK,multi_step_attack,T0846
multi_step_attack_ieee37-atk143,multi_step_attack_ieee37,2010-07-01T00:00:00,ieee37,RTU_ieee37,SCADA_MASTER,DNP3,REPORT,RTU_TO_SCADA,143,CTRL_load_load_017_kvar_multiplier,1.0,pu,GOOD,DELIVERED,0,0,,,,,DISCOVERED,ATTACK,multi_step_attack,T0846
multi_step_attack_ieee37-atk144,multi_step_attack_ieee37,2010-07-01T00:00:00,ieee37,RTU_ieee37,SCADA_MASTER,DNP3,REPORT,RTU_TO_SCADA,144,CTRL_load_load_017_kw_multiplier,1.0,pu,GOOD,DELIVERED,0,0,,,,,DISCOVERED,ATTACK,multi_step_attack,T0846
multi_step_attack_ieee37-atk145,multi_step_attack_ieee37,2010-07-01T00:00:00,ieee37,RTU_ieee37,SCADA_MASTER,DNP3,REPORT,RTU_TO_SCADA,145,CTRL_load_load_018_kvar_multiplier,1.0,pu,GOOD,DELIVERED,0,0,,,,,DISCOVERED,ATTACK,multi_step_attack,T0846
multi_step_attack_ieee37-atk146,multi_step_attack_ieee37,2010-07-01T00:00:00,ieee37,RTU_ieee37,SCADA_MASTER,DNP3,REPORT,RTU_TO_SCADA,146,CTRL_load_load_018_kw_multiplier,1.0,pu,GOOD,DELIVERED,0,0,,,,,DISCOVERED,ATTACK,multi_step_attack,T0846
multi_step_attack_ieee37-atk147,multi_step_attack_ieee37,2010-07-01T00:00:00,ieee37,RTU_ieee37,SCADA_MASTER,DNP3,REPORT,RTU_TO_SCADA,147,CTRL_load_load_019_kvar_multiplier,1.0,pu,GOOD,DELIVERED,0,0,,,,,DISCOVERED,ATTACK,multi_step_attack,T0846
multi_step_attack_ieee37-atk148,multi_step_attack_ieee37,2010-07-01T00:00:00,ieee37,RTU_ieee37,SCADA_MASTER,DNP3,REPORT,RTU_TO_SCADA,148,CTRL_load_load_019_kw_multiplier,1.0,pu,GOOD,DELIVERED,0,0,,,,,DISCOVERED,ATTACK,multi_step_attack,T0846
multi_step_attack_ieee37-atk149,multi_step_attack_ieee37,2010-07-01T00:00:00,ieee37,RTU_ieee37,SCADA_MASTER,DNP3,REPORT,RTU_TO_SCADA,149,CTRL_load_load_020_kvar_multiplier,1.0,pu,GOOD,DELIVERED,0,0,,,,,DISCOVERED,ATTACK,multi_step_attack,T0846
multi_step_attack_ieee37-atk015,multi_step_attack_ieee37,2010-07-01T00:00:00,ieee37,RTU_ieee37,SCADA_MASTER,DNP3,REPORT,RTU_TO_SCADA,15,BUS_705_VPU_AB,0.9062750540264244,pu,GOOD,DELIVERED,0,0,,,,,DISCOVERED,ATTACK,multi_step_attack,T0846
multi_step_attack_ieee37-atk150,multi_step_attack_ieee37,2010-07-01T00:00:00,ieee37,RTU_ieee37,SCADA_MASTER,DNP3,REPORT,RTU_TO_SCADA,150,CTRL_load_load_020_kw_multiplier,1.0,pu,GOOD,DELIVERED,0,0,,,,,DISCOVERED,ATTACK,multi_step_attack,T0846
multi_step_attack_ieee37-atk151,multi_step_attack_ieee37,2010-07-01T00:00:00,ieee37,RTU_ieee37,SCADA_MASTER,DNP3,REPORT,RTU_TO_SCADA,151,CTRL_load_load_021_kvar_multiplier,1.0,pu,GOOD,DELIVERED,0,0,,,,,DISCOVERED,ATTACK,multi_step_attack,T0846
multi_step_attack_ieee37-atk152,multi_step_attack_ieee37,2010-07-01T00:00:00,ieee37,RTU_ieee37,SCADA_MASTER,DNP3,REPORT,RTU_TO_SCADA,152,CTRL_load_load_021_kw_multiplier,1.0,pu,GOOD,DELIVERED,0,0,,,,,DISCOVERED,ATTACK,multi_step_attack,T0846
multi_step_attack_ieee37-atk153,multi_step_attack_ieee37,2010-07-01T00:00:00,ieee37,RTU_ieee37,SCADA_MASTER,DNP3,REPORT,RTU_TO_SCADA,153,CTRL_load_load_022_kvar_multiplier,1.0,pu,GOOD,DELIVERED,0,0,,,,,DISCOVERED,ATTACK,multi_step_attack,T0846
multi_step_attack_ieee37-atk154,multi_step_attack_ieee37,2010-07-01T00:00:00,ieee37,RTU_ieee37,SCADA_MASTER,DNP3,REPORT,RTU_TO_SCADA,154,CTRL_load_load_022_kw_multiplier,1.0,pu,GOOD,DELIVERED,0,0,,,,,DISCOVERED,ATTACK,multi_step_attack,T0846
multi_step_attack_ieee37-atk155,multi_step_attack_ieee37,2010-07-01T00:00:00,ieee37,RTU_ieee37,SCADA_MASTER,DNP3,REPORT,RTU_TO_SCADA,155,CTRL_load_load_023_kvar_multiplier,1.0,pu,GOOD,DELIVERED,0,0,,,,,DISCOVERED,ATTACK,multi_step_attack,T0846
multi_step_attack_ieee37-atk156,multi_step_attack_ieee37,2010-07-01T00:00:00,ieee37,RTU_ieee37,SCADA_MASTER,DNP3,REPORT,RTU_TO_SCADA,156,CTRL_load_load_023_kw_multiplier,1.0,pu,GOOD,DELIVERED,0,0,,,,,DISCOVERED,ATTACK,multi_step_attack,T0846
multi_step_attack_ieee37-atk157,multi_step_attack_ieee37,2010-07-01T00:00:00,ieee37,RTU_ieee37,SCADA_MASTER,DNP3,REPORT,RTU_TO_SCADA,157,CTRL_load_load_024_kvar_multiplier,1.0,pu,GOOD,DELIVERED,0,0,,,,,DISCOVERED,ATTACK,multi_step_attack,T0846
multi_step_attack_ieee37-atk158,multi_step_attack_ieee37,2010-07-01T00:00:00,ieee37,RTU_ieee37,SCADA_MASTER,DNP3,REPORT,RTU_TO_SCADA,158,CTRL_load_load_024_kw_multiplier,1.0,pu,GOOD,DELIVERED,0,0,,,,,DISCOVERED,ATTACK,multi_step_attack,T0846
multi_step_attack_ieee37-atk159,multi_step_attack_ieee37,2010-07-01T00:00:00,ieee37,RTU_ieee37,SCADA_MASTER,DNP3,REPORT,RTU_TO_SCADA,159,CTRL_load_load_025_kvar_multiplier,1.0,pu,GOOD,DELIVERED,0,0,,,,,DISCOVERED,ATTACK,multi_step_attack,T0846
multi_step_attack_ieee37-atk016,multi_step_attack_ieee37,2010-07-01T00:00:00,ieee37,RTU_ieee37,SCADA_MASTER,DNP3,REPORT,RTU_TO_SCADA,16,BUS_705_VPU_BC,0.8828939169754267,pu,GOOD,DELIVERED,0,0,,,,,DISCOVERED,ATTACK,multi_step_attack,T0846
multi_step_attack_ieee37-atk160,multi_step_attack_ieee37,2010-07-01T00:00:00,ieee37,RTU_ieee37,SCADA_MASTER,DNP3,REPORT,RTU_TO_SCADA,160,CTRL_load_load_025_kw_multiplier,1.0,pu,GOOD,DELIVERED,0,0,,,,,DISCOVERED,ATTACK,multi_step_attack,T0846
multi_step_attack_ieee37-atk161,multi_step_attack_ieee37,2010-07-01T00:00:00,ieee37,RTU_ieee37,SCADA_MASTER,DNP3,REPORT,RTU_TO_SCADA,161,CTRL_regulator_regulator_001_tap_position,0.0,steps,GOOD,DELIVERED,0,0,,,,,DISCOVERED,ATTACK,multi_step_attack,T0846
multi_step_attack_ieee37-atk162,multi_step_attack_ieee37,2010-07-01T00:00:00,ieee37,RTU_ieee37,SCADA_MASTER,DNP3,REPORT,RTU_TO_SCADA,162,CURRENT_line_Line_l_701_702_A,349.012,A,GOOD,DELIVERED,0,0,,,,,DISCOVERED,ATTACK,multi_step_attack,T0846
multi_step_attack_ieee37-atk163,multi_step_attack_ieee37,2010-07-01T00:00:00,ieee37,RTU_ieee37,SCADA_MASTER,DNP3,REPORT,RTU_TO_SCADA,163,CURRENT_line_Line_l_701_702_B,439.57,A,GOOD,DELIVERED,0,0,,,,,DISCOVERED,ATTACK,multi_step_attack,T0846
multi_step_attack_ieee37-atk164,multi_step_attack_ieee37,2010-07-01T00:00:00,ieee37,RTU_ieee37,SCADA_MASTER,DNP3,REPORT,RTU_TO_SCADA,164,CURRENT_line_Line_l_701_702_C,341.71,A,GOOD,DELIVERED,0,0,,,,,DISCOVERED,ATTACK,multi_step_attack,T0846
multi_step_attack_ieee37-atk165,multi_step_attack_ieee37,2010-07-01T00:00:00,ieee37,RTU_ieee37,SCADA_MASTER,DNP3,REPORT,RTU_TO_SCADA,165,CURRENT_line_Line_l_702_703_A,270.502,A,GOOD,DELIVERED,0,0,,,,,DISCOVERED,ATTACK,multi_step_attack,T0846
multi_step_attack_ieee37-atk166,multi_step_attack_ieee37,2010-07-01T00:00:00,ieee37,RTU_ieee37,SCADA_MASTER,DNP3,REPORT,RTU_TO_SCADA,166,CURRENT_line_Line_l_702_703_B,211.387,A,GOOD,DELIVERED,0,0,,,,,DISCOVERED,ATTACK,multi_step_attack,T0846
multi_step_attack_ieee37-atk167,multi_step_attack_ieee37,2010-07-01T00:00:00,ieee37,RTU_ieee37,SCADA_MASTER,DNP3,REPORT,RTU_TO_SCADA,167,CURRENT_line_Line_l_702_703_C,100.707,A,GOOD,DELIVERED,0,0,,,,,DISCOVERED,ATTACK,multi_step_attack,T0846
multi_step_attack_ieee37-atk168,multi_step_attack_ieee37,2010-07-01T00:00:00,ieee37,RTU_ieee37,SCADA_MASTER,DNP3,REPORT,RTU_TO_SCADA,168,CURRENT_line_Line_l_702_705_A,4.106,A,GOOD,DELIVERED,0,0,,,,,DISCOVERED,ATTACK,multi_step_attack,T0846
multi_step_attack_ieee37-atk169,multi_step_attack_ieee37,2010-07-01T00:00:00,ieee37,RTU_ieee37,SCADA_MASTER,DNP3,REPORT,RTU_TO_SCADA,169,CURRENT_line_Line_l_702_705_B,4.332,A,GOOD,DELIVERED,0,0,,,,,DISCOVERED,ATTACK,multi_step_attack,T0846
multi_step_attack_ieee37-atk017,multi_step_attack_ieee37,2010-07-01T00:00:00,ieee37,RTU_ieee37,SCADA_MASTER,DNP3,REPORT,RTU_TO_SCADA,17,BUS_705_VPU_CA,0.9146004000243089,pu,GOOD,DELIVERED,0,0,,,,,DISCOVERED,ATTACK,multi_step_attack,T0846
multi_step_attack_ieee37-atk170,multi_step_attack_ieee37,2010-07-01T00:00:00,ieee37,RTU_ieee37,SCADA_MASTER,DNP3,REPORT,RTU_TO_SCADA,170,CURRENT_line_Line_l_702_705_C,6.914,A,GOOD,DELIVERED,0,0,,,,,DISCOVERED,ATTACK,multi_step_attack,T0846
multi_step_attack_ieee37-atk171,multi_step_attack_ieee37,2010-07-01T00:00:00,ieee37,RTU_ieee37,SCADA_MASTER,DNP3,REPORT,RTU_TO_SCADA,171,CURRENT_line_Line_l_702_713_A,75.271,A,GOOD,DELIVERED,0,0,,,,,DISCOVERED,ATTACK,multi_step_attack,T0846
multi_step_attack_ieee37-atk172,multi_step_attack_ieee37,2010-07-01T00:00:00,ieee37,RTU_ieee37,SCADA_MASTER,DNP3,REPORT,RTU_TO_SCADA,172,CURRENT_line_Line_l_702_713_B,269.405,A,GOOD,DELIVERED,0,0,,,,,DISCOVERED,ATTACK,multi_step_attack,T0846
multi_step_attack_ieee37-atk173,multi_step_attack_ieee37,2010-07-01T00:00:00,ieee37,RTU_ieee37,SCADA_MASTER,DNP3,REPORT,RTU_TO_SCADA,173,CURRENT_line_Line_l_702_713_C,259.993,A,GOOD,DELIVERED,0,0,,,,,DISCOVERED,ATTACK,multi_step_attack,T0846
multi_step_attack_ieee37-atk174,multi_step_attack_ieee37,2010-07-01T00:00:00,ieee37,RTU_ieee37,SCADA_MASTER,DNP3,REPORT,RTU_TO_SCADA,174,CURRENT_line_Line_l_703_727_A,48.785,A,GOOD,DELIVERED,0,0,,,,,DISCOVERED,ATTACK,multi_step_attack,T0846
multi_step_attack_ieee37-atk175,multi_step_attack_ieee37,2010-07-01T00:00:00,ieee37,RTU_ieee37,SCADA_MASTER,DNP3,REPORT,RTU_TO_SCADA,175,CURRENT_line_Line_l_703_727_B,26.925,A,GOOD,DELIVERED,0,0,,,,,DISCOVERED,ATTACK,multi_step_attack,T0846
multi_step_attack_ieee37-atk176,multi_step_attack_ieee37,2010-07-01T00:00:00,ieee37,RTU_ieee37,SCADA_MASTER,DNP3,REPORT,RTU_TO_SCADA,176,CURRENT_line_Line_l_703_727_C,32.412,A,GOOD,DELIVERED,0,0,,,,,DISCOVERED,ATTACK,multi_step_attack,T0846
multi_step_attack_ieee37-atk177,multi_step_attack_ieee37,2010-07-01T00:00:00,ieee37,RTU_ieee37,SCADA_MASTER,DNP3,REPORT,RTU_TO_SCADA,177,CURRENT_line_Line_l_703_730_A,223.668,A,GOOD,DELIVERED,0,0,,,,,DISCOVERED,ATTACK,multi_step_attack,T0846
multi_step_attack_ieee37-atk178,multi_step_attack_ieee37,2010-07-01T00:00:00,ieee37,RTU_ieee37,SCADA_MASTER,DNP3,REPORT,RTU_TO_SCADA,178,CURRENT_line_Line_l_703_730_B,184.548,A,GOOD,DELIVERED,0,0,,,,,DISCOVERED,ATTACK,multi_step_attack,T0846
multi_step_attack_ieee37-atk179,multi_step_attack_ieee37,2010-07-01T00:00:00,ieee37,RTU_ieee37,SCADA_MASTER,DNP3,REPORT,RTU_TO_SCADA,179,CURRENT_line_Line_l_703_730_C,68.303,A,GOOD,DELIVERED,0,0,,,,,DISCOVERED,ATTACK,multi_step_attack,T0846
multi_step_attack_ieee37-atk018,multi_step_attack_ieee37,2010-07-01T00:00:00,ieee37,RTU_ieee37,SCADA_MASTER,DNP3,REPORT,RTU_TO_SCADA,18,BUS_706_VPU_AB,0.8949221983534981,pu,GOOD,DELIVERED,0,0,,,,,DISCOVERED,ATTACK,multi_step_attack,T0846
multi_step_attack_ieee37-atk180,multi_step_attack_ieee37,2010-07-01T00:00:00,ieee37,RTU_ieee37,SCADA_MASTER,DNP3,REPORT,RTU_TO_SCADA,180,CURRENT_line_Line_l_704_714_A,49.585,A,GOOD,DELIVERED,0,0,,,,,DISCOVERED,ATTACK,multi_step_attack,T0846
multi_step_attack_ieee37-atk181,multi_step_attack_ieee37,2010-07-01T00:00:00,ieee37,RTU_ieee37,SCADA_MASTER,DNP3,REPORT,RTU_TO_SCADA,181,CURRENT_line_Line_l_704_714_B,69.126,A,GOOD,DELIVERED,0,0,,,,,DISCOVERED,ATTACK,multi_step_attack,T0846
multi_step_attack_ieee37-atk182,multi_step_attack_ieee37,2010-07-01T00:00:00,ieee37,RTU_ieee37,SCADA_MASTER,DNP3,REPORT,RTU_TO_SCADA,182,CURRENT_line_Line_l_704_714_C,30.031,A,GOOD,DELIVERED,0,0,,,,,DISCOVERED,ATTACK,multi_step_attack,T0846
multi_step_attack_ieee37-atk183,multi_step_attack_ieee37,2010-07-01T00:00:00,ieee37,RTU_ieee37,SCADA_MASTER,DNP3,REPORT,RTU_TO_SCADA,183,CURRENT_line_Line_l_704_720_A,27.38,A,GOOD,DELIVERED,0,0,,,,,DISCOVERED,ATTACK,multi_step_attack,T0846
multi_step_attack_ieee37-atk184,multi_step_attack_ieee37,2010-07-01T00:00:00,ieee37,RTU_ieee37,SCADA_MASTER,DNP3,REPORT,RTU_TO_SCADA,184,CURRENT_line_Line_l_704_720_B,211.561,A,GOOD,DELIVERED,0,0,,,,,DISCOVERED,ATTACK,multi_step_attack,T0846
multi_step_attack_ieee37-atk185,multi_step_attack_ieee37,2010-07-01T00:00:00,ieee37,RTU_ieee37,SCADA_MASTER,DNP3,REPORT,RTU_TO_SCADA,185,CURRENT_line_Line_l_704_720_C,225.379,A,GOOD,DELIVERED,0,0,,,,,DISCOVERED,ATTACK,multi_step_attack,T0846
multi_step_attack_ieee37-atk186,multi_step_attack_ieee37,2010-07-01T00:00:00,ieee37,RTU_ieee37,SCADA_MASTER,DNP3,REPORT,RTU_TO_SCADA,186,CURRENT_line_Line_l_705_712_A,3.872,A,GOOD,DELIVERED,0,0,,,,,DISCOVERED,ATTACK,multi_step_attack,T0846
multi_step_attack_ieee37-atk187,multi_step_attack_ieee37,2010-07-01T00:00:00,ieee37,RTU_ieee37,SCADA_MASTER,DNP3,REPORT,RTU_TO_SCADA,187,CURRENT_line_Line_l_705_712_B,0.001,A,GOOD,DELIVERED,0,0,,,,,DISCOVERED,ATTACK,multi_step_attack,T0846
multi_step_attack_ieee37-atk188,multi_step_attack_ieee37,2010-07-01T00:00:00,ieee37,RTU_ieee37,SCADA_MASTER,DNP3,REPORT,RTU_TO_SCADA,188,CURRENT_line_Line_l_705_712_C,3.873,A,GOOD,DELIVERED,0,0,,,,,DISCOVERED,ATTACK,multi_step_attack,T0846
multi_step_attack_ieee37-atk189,multi_step_attack_ieee37,2010-07-01T00:00:00,ieee37,RTU_ieee37,SCADA_MASTER,DNP3,REPORT,RTU_TO_SCADA,189,CURRENT_line_Line_l_705_742_A,0.404,A,GOOD,DELIVERED,0,0,,,,,DISCOVERED,ATTACK,multi_step_attack,T0846
multi_step_attack_ieee37-atk019,multi_step_attack_ieee37,2010-07-01T00:00:00,ieee37,RTU_ieee37,SCADA_MASTER,DNP3,REPORT,RTU_TO_SCADA,19,BUS_706_VPU_BC,0.8514789018573995,pu,GOOD,DELIVERED,0,0,,,,,DISCOVERED,ATTACK,multi_step_attack,T0846
multi_step_attack_ieee37-atk190,multi_step_attack_ieee37,2010-07-01T00:00:00,ieee37,RTU_ieee37,SCADA_MASTER,DNP3,REPORT,RTU_TO_SCADA,190,CURRENT_line_Line_l_705_742_B,4.332,A,GOOD,DELIVERED,0,0,,,,,DISCOVERED,ATTACK,multi_step_attack,T0846
multi_step_attack_ieee37-atk191,multi_step_attack_ieee37,2010-07-01T00:00:00,ieee37,RTU_ieee37,SCADA_MASTER,DNP3,REPORT,RTU_TO_SCADA,191,CURRENT_line_Line_l_705_742_C,4.132,A,GOOD,DELIVERED,0,0,,,,,DISCOVERED,ATTACK,multi_step_attack,T0846
multi_step_attack_ieee37-atk192,multi_step_attack_ieee37,2010-07-01T00:00:00,ieee37,RTU_ieee37,SCADA_MASTER,DNP3,REPORT,RTU_TO_SCADA,192,CURRENT_line_Line_l_706_725_A,0.001,A,GOOD,DELIVERED,0,0,,,,,DISCOVERED,ATTACK,multi_step_attack,T0846
multi_step_attack_ieee37-atk193,multi_step_attack_ieee37,2010-07-01T00:00:00,ieee37,RTU_ieee37,SCADA_MASTER,DNP3,REPORT,RTU_TO_SCADA,193,CURRENT_line_Line_l_706_725_B,57.216,A,GOOD,DELIVERED,0,0,,,,,DISCOVERED,ATTACK,multi_step_attack,T0846
multi_step_attack_ieee37-atk194,multi_step_attack_ieee37,2010-07-01T00:00:00,ieee37,RTU_ieee37,SCADA_MASTER,DNP3,REPORT,RTU_TO_SCADA,194,CURRENT_line_Line_l_706_725_C,57.215,A,GOOD,DELIVERED,0,0,,,,,DISCOVERED,ATTACK,multi_step_attack,T0846
multi_step_attack_ieee37-atk195,multi_step_attack_ieee37,2010-07-01T00:00:00,ieee37,RTU_ieee37,SCADA_MASTER,DNP3,REPORT,RTU_TO_SCADA,195,CURRENT_line_Line_l_707_722_A,22.601,A,GOOD,DELIVERED,0,0,,,,,DISCOVERED,ATTACK,multi_step_attack,T0846
multi_step_attack_ieee37-atk196,multi_step_attack_ieee37,2010-07-01T00:00:00,ieee37,RTU_ieee37,SCADA_MASTER,DNP3,REPORT,RTU_TO_SCADA,196,CURRENT_line_Line_l_707_722_B,140.287,A,GOOD,DELIVERED,0,0,,,,,DISCOVERED,ATTACK,multi_step_attack,T0846
multi_step_attack_ieee37-atk197,multi_step_attack_ieee37,2010-07-01T00:00:00,ieee37,RTU_ieee37,SCADA_MASTER,DNP3,REPORT,RTU_TO_SCADA,197,CURRENT_line_Line_l_707_722_C,151.932,A,GOOD,DELIVERED,0,0,,,,,DISCOVERED,ATTACK,multi_step_attack,T0846
multi_step_attack_ieee37-atk198,multi_step_attack_ieee37,2010-07-01T00:00:00,ieee37,RTU_ieee37,SCADA_MASTER,DNP3,REPORT,RTU_TO_SCADA,198,CURRENT_line_Line_l_707_724_A,0.002,A,GOOD,DELIVERED,0,0,,,,,DISCOVERED,ATTACK,multi_step_attack,T0846
multi_step_attack_ieee37-atk199,multi_step_attack_ieee37,2010-07-01T00:00:00,ieee37,RTU_ieee37,SCADA_MASTER,DNP3,REPORT,RTU_TO_SCADA,199,CURRENT_line_Line_l_707_724_B,14.057,A,GOOD,DELIVERED,0,0,,,,,DISCOVERED,ATTACK,multi_step_attack,T0846
multi_step_attack_ieee37-atk002,multi_step_attack_ieee37,2010-07-01T00:00:00,ieee37,SCADA_MASTER,RTU_ieee37,DNP3,QUERY,SCADA_TO_RTU,2,,,,GOOD,DELIVERED,0,1,,,,SCAN-ieee37-CONTROLS,SCAN,ATTACK,multi_step_attack,T0846
multi_step_attack_ieee37-atk020,multi_step_attack_ieee37,2010-07-01T00:00:00,ieee37,RTU_ieee37,SCADA_MASTER,DNP3,REPORT,RTU_TO_SCADA,20,BUS_706_VPU_CA,0.9011953641952181,pu,GOOD,DELIVERED,0,0,,,,,DISCOVERED,ATTACK,multi_step_attack,T0846
multi_step_attack_ieee37-atk200,multi_step_attack_ieee37,2010-07-01T00:00:00,ieee37,RTU_ieee37,SCADA_MASTER,DNP3,REPORT,RTU_TO_SCADA,200,CURRENT_line_Line_l_707_724_C,14.055,A,GOOD,DELIVERED,0,0,,,,,DISCOVERED,ATTACK,multi_step_attack,T0846
multi_step_attack_ieee37-atk201,multi_step_attack_ieee37,2010-07-01T00:00:00,ieee37,RTU_ieee37,SCADA_MASTER,DNP3,REPORT,RTU_TO_SCADA,201,CURRENT_line_Line_l_708_732_A,3.758,A,GOOD,DELIVERED,0,0,,,,,DISCOVERED,ATTACK,multi_step_attack,T0846
multi_step_attack_ieee37-atk202,multi_step_attack_ieee37,2010-07-01T00:00:00,ieee37,RTU_ieee37,SCADA_MASTER,DNP3,REPORT,RTU_TO_SCADA,202,CURRENT_line_Line_l_708_732_B,0.001,A,GOOD,DELIVERED,0,0,,,,,DISCOVERED,ATTACK,multi_step_attack,T0846
multi_step_attack_ieee37-atk203,multi_step_attack_ieee37,2010-07-01T00:00:00,ieee37,RTU_ieee37,SCADA_MASTER,DNP3,REPORT,RTU_TO_SCADA,203,CURRENT_line_Line_l_708_732_C,3.759,A,GOOD,DELIVERED,0,0,,,,,DISCOVERED,ATTACK,multi_step_attack,T0846
multi_step_attack_ieee37-atk204,multi_step_attack_ieee37,2010-07-01T00:00:00,ieee37,RTU_ieee37,SCADA_MASTER,DNP3,REPORT,RTU_TO_SCADA,204,CURRENT_line_Line_l_708_733_A,213.401,A,GOOD,DELIVERED,0,0,,,,,DISCOVERED,ATTACK,multi_step_attack,T0846
multi_step_attack_ieee37-atk205,multi_step_attack_ieee37,2010-07-01T00:00:00,ieee37,RTU_ieee37,SCADA_MASTER,DNP3,REPORT,RTU_TO_SCADA,205,CURRENT_line_Line_l_708_733_B,183.522,A,GOOD,DELIVERED,0,0,,,,,DISCOVERED,ATTACK,multi_step_attack,T0846
multi_step_attack_ieee37-atk206,multi_step_attack_ieee37,2010-07-01T00:00:00,ieee37,RTU_ieee37,SCADA_MASTER,DNP3,REPORT,RTU_TO_SCADA,206,CURRENT_line_Line_l_708_733_C,52.672,A,GOOD,DELIVERED,0,0,,,,,DISCOVERED,ATTACK,multi_step_attack,T0846
multi_step_attack_ieee37-atk207,multi_step_attack_ieee37,2010-07-01T00:00:00,ieee37,RTU_ieee37,SCADA_MASTER,DNP3,REPORT,RTU_TO_SCADA,207,CURRENT_line_Line_l_709_708_A,215.977,A,GOOD,DELIVERED,0,0,,,,,DISCOVERED,ATTACK,multi_step_attack,T0846
multi_step_attack_ieee37-atk208,multi_step_attack_ieee37,2010-07-01T00:00:00,ieee37,RTU_ieee37,SCADA_MASTER,DNP3,REPORT,RTU_TO_SCADA,208,CURRENT_line_Line_l_709_708_B,183.521,A,GOOD,DELIVERED,0,0,,,,,DISCOVERED,ATTACK,multi_step_attack,T0846
multi_step_attack_ieee37-atk209,multi_step_attack_ieee37,2010-07-01T00:00:00,ieee37,RTU_ieee37,SCADA_MASTER,DNP3,REPORT,RTU_TO_SCADA,209,CURRENT_line_Line_l_709_708_C,56.428,A,GOOD,DELIVERED,0,0,,,,,DISCOVERED,ATTACK,multi_step_attack,T0846
multi_step_attack_ieee37-atk021,multi_step_attack_ieee37,2010-07-01T00:00:00,ieee37,RTU_ieee37,SCADA_MASTER,DNP3,REPORT,RTU_TO_SCADA,21,BUS_707_VPU_AB,0.8890900330169057,pu,GOOD,DELIVERED,0,0,,,,,DISCOVERED,ATTACK,multi_step_attack,T0846
multi_step_attack_ieee37-atk210,multi_step_attack_ieee37,2010-07-01T00:00:00,ieee37,RTU_ieee37,SCADA_MASTER,DNP3,REPORT,RTU_TO_SCADA,210,CURRENT_line_Line_l_709_731_A,0.002,A,GOOD,DELIVERED,0,0,,,,,DISCOVERED,ATTACK,multi_step_attack,T0846
multi_step_attack_ieee37-atk211,multi_step_attack_ieee37,2010-07-01T00:00:00,ieee37,RTU_ieee37,SCADA_MASTER,DNP3,REPORT,RTU_TO_SCADA,211,CURRENT_line_Line_l_709_731_B,2.192,A,GOOD,DELIVERED,0,0,,,,,DISCOVERED,ATTACK,multi_step_attack,T0846
multi_step_attack_ieee37-atk212,multi_step_attack_ieee37,2010-07-01T00:00:00,ieee37,RTU_ieee37,SCADA_MASTER,DNP3,REPORT,RTU_TO_SCADA,212,CURRENT_line_Line_l_709_731_C,2.19,A,GOOD,DELIVERED,0,0,,,,,DISCOVERED,ATTACK,multi_step_attack,T0846
multi_step_attack_ieee37-atk213,multi_step_attack_ieee37,2010-07-01T00:00:00,ieee37,RTU_ieee37,SCADA_MASTER,DNP3,REPORT,RTU_TO_SCADA,213,CURRENT_line_Line_l_710_735_A,3.027,A,GOOD,DELIVERED,0,0,,,,,DISCOVERED,ATTACK,multi_step_attack,T0846
multi_step_attack_ieee37-atk214,multi_step_attack_ieee37,2010-07-01T00:00:00,ieee37,RTU_ieee37,SCADA_MASTER,DNP3,REPORT,RTU_TO_SCADA,214,CURRENT_line_Line_l_710_735_B,0.001,A,GOOD,DELIVERED,0,0,,,,,DISCOVERED,ATTACK,multi_step_attack,T0846
multi_step_attack_ieee37-atk215,multi_step_attack_ieee37,2010-07-01T00:00:00,ieee37,RTU_ieee37,SCADA_MASTER,DNP3,REPORT,RTU_TO_SCADA,215,CURRENT_line_Line_l_710_735_C,3.028,A,GOOD,DELIVERED,0,0,,,,,DISCOVERED,ATTACK,multi_step_attack,T0846
multi_step_attack_ieee37-atk216,multi_step_attack_ieee37,2010-07-01T00:00:00,ieee37,RTU_ieee37,SCADA_MASTER,DNP3,REPORT,RTU_TO_SCADA,216,CURRENT_line_Line_l_710_736_A,0.004,A,GOOD,DELIVERED,0,0,,,,,DISCOVERED,ATTACK,multi_step_attack,T0846
multi_step_attack_ieee37-atk217,multi_step_attack_ieee37,2010-07-01T00:00:00,ieee37,RTU_ieee37,SCADA_MASTER,DNP3,REPORT,RTU_TO_SCADA,217,CURRENT_line_Line_l_710_736_B,2.31,A,GOOD,DELIVERED,0,0,,,,,DISCOVERED,ATTACK,multi_step_attack,T0846
multi_step_attack_ieee37-atk218,multi_step_attack_ieee37,2010-07-01T00:00:00,ieee37,RTU_ieee37,SCADA_MASTER,DNP3,REPORT,RTU_TO_SCADA,218,CURRENT_line_Line_l_710_736_C,2.307,A,GOOD,DELIVERED,0,0,,,,,DISCOVERED,ATTACK,multi_step_attack,T0846
multi_step_attack_ieee37-atk219,multi_step_attack_ieee37,2010-07-01T00:00:00,ieee37,RTU_ieee37,SCADA_MASTER,DNP3,REPORT,RTU_TO_SCADA,219,CURRENT_line_Line_l_711_740_A,7.628,A,GOOD,DELIVERED,0,0,,,,,DISCOVERED,ATTACK,multi_step_attack,T0846
multi_step_attack_ieee37-atk022,multi_step_attack_ieee37,2010-07-01T00:00:00,ieee37,RTU_ieee37,SCADA_MASTER,DNP3,REPORT,RTU_TO_SCADA,22,BUS_707_VPU_BC,0.8349220797010266,pu,GOOD,DELIVERED,0,0,,,,,DISCOVERED,ATTACK,multi_step_attack,T0846
multi_step_attack_ieee37-atk220,multi_step_attack_ieee37,2010-07-01T00:00:00,ieee37,RTU_ieee37,SCADA_MASTER,DNP3,REPORT,RTU_TO_SCADA,220,CURRENT_line_Line_l_711_740_B,0.001,A,GOOD,DELIVERED,0,0,,,,,DISCOVERED,ATTACK,multi_step_attack,T0846
multi_step_attack_ieee37-atk221,multi_step_attack_ieee37,2010-07-01T00:00:00,ieee37,RTU_ieee37,SCADA_MASTER,DNP3,REPORT,RTU_TO_SCADA,221,CURRENT_line_Line_l_711_740_C,7.629,A,GOOD,DELIVERED,0,0,,,,,DISCOVERED,ATTACK,multi_step_attack,T0846
multi_step_attack_ieee37-atk222,multi_step_attack_ieee37,2010-07-01T00:00:00,ieee37,RTU_ieee37,SCADA_MASTER,DNP3,REPORT,RTU_TO_SCADA,222,CURRENT_line_Line_l_711_741_A,2.283,A,GOOD,DELIVERED,0,0,,,,,DISCOVERED,ATTACK,multi_step_attack,T0846
multi_step_attack_ieee37-atk223,multi_step_attack_ieee37,2010-07-01T00:00:00,ieee37,RTU_ieee37,SCADA_MASTER,DNP3,REPORT,RTU_TO_SCADA,223,CURRENT_line_Line_l_711_741_B,0.001,A,GOOD,DELIVERED,0,0,,,,,DISCOVERED,ATTACK,multi_step_attack,T0846
multi_step_attack_ieee37-atk224,multi_step_attack_ieee37,2010-07-01T00:00:00,ieee37,RTU_ieee37,SCADA_MASTER,DNP3,REPORT,RTU_TO_SCADA,224,CURRENT_line_Line_l_711_741_C,2.284,A,GOOD,DELIVERED,0,0,,,,,DISCOVERED,ATTACK,multi_step_attack,T0846
multi_step_attack_ieee37-atk225,multi_step_attack_ieee37,2010-07-01T00:00:00,ieee37,RTU_ieee37,SCADA_MASTER,DNP3,REPORT,RTU_TO_SCADA,225,CURRENT_line_Line_l_713_704_A,68.555,A,GOOD,DELIVERED,0,0,,,,,DISCOVERED,ATTACK,multi_step_attack,T0846
multi_step_attack_ieee37-atk226,multi_step_attack_ieee37,2010-07-01T00:00:00,ieee37,RTU_ieee37,SCADA_MASTER,DNP3,REPORT,RTU_TO_SCADA,226,CURRENT_line_Line_l_713_704_B,269.405,A,GOOD,DELIVERED,0,0,,,,,DISCOVERED,ATTACK,multi_step_attack,T0846
multi_step_attack_ieee37-atk227,multi_step_attack_ieee37,2010-07-01T00:00:00,ieee37,RTU_ieee37,SCADA_MASTER,DNP3,REPORT,RTU_TO_SCADA,227,CURRENT_line_Line_l_713_704_C,255.303,A,GOOD,DELIVERED,0,0,,,,,DISCOVERED,ATTACK,multi_step_attack,T0846
multi_step_attack_ieee37-atk228,multi_step_attack_ieee37,2010-07-01T00:00:00,ieee37,RTU_ieee37,SCADA_MASTER,DNP3,REPORT,RTU_TO_SCADA,228,CURRENT_line_Line_l_714_718_A,24.319,A,GOOD,DELIVERED,0,0,,,,,DISCOVERED,ATTACK,multi_step_attack,T0846
multi_step_attack_ieee37-atk229,multi_step_attack_ieee37,2010-07-01T00:00:00,ieee37,RTU_ieee37,SCADA_MASTER,DNP3,REPORT,RTU_TO_SCADA,229,CURRENT_line_Line_l_714_718_B,24.318,A,GOOD,DELIVERED,0,0,,,,,DISCOVERED,ATTACK,multi_step_attack,T0846
multi_step_attack_ieee37-atk023,multi_step_attack_ieee37,2010-07-01T00:00:00,ieee37,RTU_ieee37,SCADA_MASTER,DNP3,REPORT,RTU_TO_SCADA,23,BUS_707_VPU_CA,0.8956937098796679,pu,GOOD,DELIVERED,0,0,,,,,DISCOVERED,ATTACK,multi_step_attack,T0846
multi_step_attack_ieee37-atk230,multi_step_attack_ieee37,2010-07-01T00:00:00,ieee37,RTU_ieee37,SCADA_MASTER,DNP3,REPORT,RTU_TO_SCADA,230,CURRENT_line_Line_l_714_718_C,0.002,A,GOOD,DELIVERED,0,0,,,,,DISCOVERED,ATTACK,multi_step_attack,T0846
multi_step_attack_ieee37-atk231,multi_step_attack_ieee37,2010-07-01T00:00:00,ieee37,RTU_ieee37,SCADA_MASTER,DNP3,REPORT,RTU_TO_SCADA,231,CURRENT_line_Line_l_720_706_A,0.003,A,GOOD,DELIVERED,0,0,,,,,DISCOVERED,ATTACK,multi_step_attack,T0846
multi_step_attack_ieee37-atk232,multi_step_attack_ieee37,2010-07-01T00:00:00,ieee37,RTU_ieee37,SCADA_MASTER,DNP3,REPORT,RTU_TO_SCADA,232,CURRENT_line_Line_l_720_706_B,57.216,A,GOOD,DELIVERED,0,0,,,,,DISCOVERED,ATTACK,multi_step_attack,T0846
multi_step_attack_ieee37-atk233,multi_step_attack_ieee37,2010-07-01T00:00:00,ieee37,RTU_ieee37,SCADA_MASTER,DNP3,REPORT,RTU_TO_SCADA,233,CURRENT_line_Line_l_720_706_C,57.214,A,GOOD,DELIVERED,0,0,,,,,DISCOVERED,ATTACK,multi_step_attack,T0846
multi_step_attack_ieee37-atk234,multi_step_attack_ieee37,2010-07-01T00:00:00,ieee37,RTU_ieee37,SCADA_MASTER,DNP3,REPORT,RTU_TO_SCADA,234,CURRENT_line_Line_l_720_707_A,22.597,A,GOOD,DELIVERED,0,0,,,,,DISCOVERED,ATTACK,multi_step_attack,T0846
multi_step_attack_ieee37-atk235,multi_step_attack_ieee37,2010-07-01T00:00:00,ieee37,RTU_ieee37,SCADA_MASTER,DNP3,REPORT,RTU_TO_SCADA,235,CURRENT_line_Line_l_720_707_B,154.344,A,GOOD,DELIVERED,0,0,,,,,DISCOVERED,ATTACK,multi_step_attack,T0846
multi_step_attack_ieee37-atk236,multi_step_attack_ieee37,2010-07-01T00:00:00,ieee37,RTU_ieee37,SCADA_MASTER,DNP3,REPORT,RTU_TO_SCADA,236,CURRENT_line_Line_l_720_707_C,165.871,A,GOOD,DELIVERED,0,0,,,,,DISCOVERED,ATTACK,multi_step_attack,T0846
multi_step_attack_ieee37-atk237,multi_step_attack_ieee37,2010-07-01T00:00:00,ieee37,RTU_ieee37,SCADA_MASTER,DNP3,REPORT,RTU_TO_SCADA,237,CURRENT_line_Line_l_727_744_A,27.15,A,GOOD,DELIVERED,0,0,,,,,DISCOVERED,ATTACK,multi_step_attack,T0846
multi_step_attack_ieee37-atk238,multi_step_attack_ieee37,2010-07-01T00:00:00,ieee37,RTU_ieee37,SCADA_MASTER,DNP3,REPORT,RTU_TO_SCADA,238,CURRENT_line_Line_l_727_744_B,26.925,A,GOOD,DELIVERED,0,0,,,,,DISCOVERED,ATTACK,multi_step_attack,T0846
multi_step_attack_ieee37-atk239,multi_step_attack_ieee37,2010-07-01T00:00:00,ieee37,RTU_ieee37,SCADA_MASTER,DNP3,REPORT,RTU_TO_SCADA,239,CURRENT_line_Line_l_727_744_C,5.877,A,GOOD,DELIVERED,0,0,,,,,DISCOVERED,ATTACK,multi_step_attack,T0846
multi_step_attack_ieee37-atk024,multi_step_attack_ieee37,2010-07-01T00:00:00,ieee37,RTU_ieee37,SCADA_MASTER,DNP3,REPORT,RTU_TO_SCADA,24,BUS_708_VPU_AB,0.879110862847326,pu,GOOD,DELIVERED,0,0,,,,,DISCOVERED,ATTACK,multi_step_attack,T0846
multi_step_attack_ieee37-atk240,multi_step_attack_ieee37,2010-07-01T00:00:00,ieee37,RTU_ieee37,SCADA_MASTER,DNP3,REPORT,RTU_TO_SCADA,240,CURRENT_line_Line_l_730_709_A,215.976,A,GOOD,DELIVERED,0,0,,,,,DISCOVERED,ATTACK,multi_step_attack,T0846
multi_step_attack_ieee37-atk241,multi_step_attack_ieee37,2010-07-01T00:00:00,ieee37,RTU_ieee37,SCADA_MASTER,DNP3,REPORT,RTU_TO_SCADA,241,CURRENT_line_Line_l_730_709_B,184.55,A,GOOD,DELIVERED,0,0,,,,,DISCOVERED,ATTACK,multi_step_attack,T0846
multi_step_attack_ieee37-atk242,multi_step_attack_ieee37,2010-07-01T00:00:00,ieee37,RTU_ieee37,SCADA_MASTER,DNP3,REPORT,RTU_TO_SCADA,242,CURRENT_line_Line_l_730_709_C,57.684,A,GOOD,DELIVERED,0,0,,,,,DISCOVERED,ATTACK,multi_step_attack,T0846
multi_step_attack_ieee37-atk243,multi_step_attack_ieee37,2010-07-01T00:00:00,ieee37,RTU_ieee37,SCADA_MASTER,DNP3,REPORT,RTU_TO_SCADA,243,CURRENT_line_Line_l_733_734_A,207.804,A,GOOD,DELIVERED,0,0,,,,,DISCOVERED,ATTACK,multi_step_attack,T0846
multi_step_attack_ieee37-atk244,multi_step_attack_ieee37,2010-07-01T00:00:00,ieee37,RTU_ieee37,SCADA_MASTER,DNP3,REPORT,RTU_TO_SCADA,244,CURRENT_line_Line_l_733_734_B,177.771,A,GOOD,DELIVERED,0,0,,,,,DISCOVERED,ATTACK,multi_step_attack,T0846
multi_step_attack_ieee37-atk245,multi_step_attack_ieee37,2010-07-01T00:00:00,ieee37,RTU_ieee37,SCADA_MASTER,DNP3,REPORT,RTU_TO_SCADA,245,CURRENT_line_Line_l_733_734_C,52.672,A,GOOD,DELIVERED,0,0,,,,,DISCOVERED,ATTACK,multi_step_attack,T0846
multi_step_attack_ieee37-atk246,multi_step_attack_ieee37,2010-07-01T00:00:00,ieee37,RTU_ieee37,SCADA_MASTER,DNP3,REPORT,RTU_TO_SCADA,246,CURRENT_line_Line_l_734_710_A,3.023,A,GOOD,DELIVERED,0,0,,,,,DISCOVERED,ATTACK,multi_step_attack,T0846
multi_step_attack_ieee37-atk247,multi_step_attack_ieee37,2010-07-01T00:00:00,ieee37,RTU_ieee37,SCADA_MASTER,DNP3,REPORT,RTU_TO_SCADA,247,CURRENT_line_Line_l_734_710_B,2.31,A,GOOD,DELIVERED,0,0,,,,,DISCOVERED,ATTACK,multi_step_attack,T0846
multi_step_attack_ieee37-atk248,multi_step_attack_ieee37,2010-07-01T00:00:00,ieee37,RTU_ieee37,SCADA_MASTER,DNP3,REPORT,RTU_TO_SCADA,248,CURRENT_line_Line_l_734_710_C,4.631,A,GOOD,DELIVERED,0,0,,,,,DISCOVERED,ATTACK,multi_step_attack,T0846
multi_step_attack_ieee37-atk249,multi_step_attack_ieee37,2010-07-01T00:00:00,ieee37,RTU_ieee37,SCADA_MASTER,DNP3,REPORT,RTU_TO_SCADA,249,CURRENT_line_Line_l_734_737_A,182.039,A,GOOD,DELIVERED,0,0,,,,,DISCOVERED,ATTACK,multi_step_attack,T0846
multi_step_attack_ieee37-atk025,multi_step_attack_ieee37,2010-07-01T00:00:00,ieee37,RTU_ieee37,SCADA_MASTER,DNP3,REPORT,RTU_TO_SCADA,25,BUS_708_VPU_BC,0.874729451758133,pu,GOOD,DELIVERED,0,0,,,,,DISCOVERED,ATTACK,multi_step_attack,T0846
multi_step_attack_ieee37-atk250,multi_step_attack_ieee37,2010-07-01T00:00:00,ieee37,RTU_ieee37,SCADA_MASTER,DNP3,REPORT,RTU_TO_SCADA,250,CURRENT_line_Line_l_734_737_B,176.675,A,GOOD,DELIVERED,0,0,,,,,DISCOVERED,ATTACK,multi_step_attack,T0846
multi_step_attack_ieee37-atk251,multi_step_attack_ieee37,2010-07-01T00:00:00,ieee37,RTU_ieee37,SCADA_MASTER,DNP3,REPORT,RTU_TO_SCADA,251,CURRENT_line_Line_l_734_737_C,9.913,A,GOOD,DELIVERED,0,0,,,,,DISCOVERED,ATTACK,multi_step_attack,T0846
multi_step_attack_ieee37-atk252,multi_step_attack_ieee37,2010-07-01T00:00:00,ieee37,RTU_ieee37,SCADA_MASTER,DNP3,REPORT,RTU_TO_SCADA,252,CURRENT_line_Line_l_737_738_A,37.844,A,GOOD,DELIVERED,0,0,,,,,DISCOVERED,ATTACK,multi_step_attack,T0846
multi_step_attack_ieee37-atk253,multi_step_attack_ieee37,2010-07-01T00:00:00,ieee37,RTU_ieee37,SCADA_MASTER,DNP3,REPORT,RTU_TO_SCADA,253,CURRENT_line_Line_l_737_738_B,31.76,A,GOOD,DELIVERED,0,0,,,,,DISCOVERED,ATTACK,multi_step_attack,T0846
multi_step_attack_ieee37-atk254,multi_step_attack_ieee37,2010-07-01T00:00:00,ieee37,RTU_ieee37,SCADA_MASTER,DNP3,REPORT,RTU_TO_SCADA,254,CURRENT_line_Line_l_737_738_C,9.913,A,GOOD,DELIVERED,0,0,,,,,DISCOVERED,ATTACK,multi_step_attack,T0846
multi_step_attack_ieee37-atk255,multi_step_attack_ieee37,2010-07-01T00:00:00,ieee37,RTU_ieee37,SCADA_MASTER,DNP3,REPORT,RTU_TO_SCADA,255,CURRENT_line_Line_l_738_711_A,9.91,A,GOOD,DELIVERED,0,0,,,,,DISCOVERED,ATTACK,multi_step_attack,T0846
multi_step_attack_ieee37-atk256,multi_step_attack_ieee37,2010-07-01T00:00:00,ieee37,RTU_ieee37,SCADA_MASTER,DNP3,REPORT,RTU_TO_SCADA,256,CURRENT_line_Line_l_738_711_B,0.003,A,GOOD,DELIVERED,0,0,,,,,DISCOVERED,ATTACK,multi_step_attack,T0846
multi_step_attack_ieee37-atk257,multi_step_attack_ieee37,2010-07-01T00:00:00,ieee37,RTU_ieee37,SCADA_MASTER,DNP3,REPORT,RTU_TO_SCADA,257,CURRENT_line_Line_l_738_711_C,9.912,A,GOOD,DELIVERED,0,0,,,,,DISCOVERED,ATTACK,multi_step_attack,T0846
multi_step_attack_ieee37-atk258,multi_step_attack_ieee37,2010-07-01T00:00:00,ieee37,RTU_ieee37,SCADA_MASTER,DNP3,REPORT,RTU_TO_SCADA,258,CURRENT_line_Line_l_744_728_A,5.984,A,GOOD,DELIVERED,0,0,,,,,DISCOVERED,ATTACK,multi_step_attack,T0846
multi_step_attack_ieee37-atk259,multi_step_attack_ieee37,2010-07-01T00:00:00,ieee37,RTU_ieee37,SCADA_MASTER,DNP3,REPORT,RTU_TO_SCADA,259,CURRENT_line_Line_l_744_728_B,5.784,A,GOOD,DELIVERED,0,0,,,,,DISCOVERED,ATTACK,multi_step_attack,T0846
multi_step_attack_ieee37-atk026,multi_step_attack_ieee37,2010-07-01T00:00:00,ieee37,RTU_ieee37,SCADA_MASTER,DNP3,REPORT,RTU_TO_SCADA,26,BUS_708_VPU_CA,0.8998941688921084,pu,GOOD,DELIVERED,0,0,,,,,DISCOVERED,ATTACK,multi_step_attack,T0846
multi_step_attack_ieee37-atk260,multi_step_attack_ieee37,2010-07-01T00:00:00,ieee37,RTU_ieee37,SCADA_MASTER,DNP3,REPORT,RTU_TO_SCADA,260,CURRENT_line_Line_l_744_728_C,5.878,A,GOOD,DELIVERED,0,0,,,,,DISCOVERED,ATTACK,multi_step_attack,T0846
multi_step_attack_ieee37-atk261,multi_step_attack_ieee37,2010-07-01T00:00:00,ieee37,RTU_ieee37,SCADA_MASTER,DNP3,REPORT,RTU_TO_SCADA,261,CURRENT_line_Line_l_744_729_A,19.955,A,GOOD,DELIVERED,0,0,,,,,DISCOVERED,ATTACK,multi_step_attack,T0846
multi_step_attack_ieee37-atk262,multi_step_attack_ieee37,2010-07-01T00:00:00,ieee37,RTU_ieee37,SCADA_MASTER,DNP3,REPORT,RTU_TO_SCADA,262,CURRENT_line_Line_l_744_729_B,19.954,A,GOOD,DELIVERED,0,0,,,,,DISCOVERED,ATTACK,multi_step_attack,T0846
multi_step_attack_ieee37-atk263,multi_step_attack_ieee37,2010-07-01T00:00:00,ieee37,RTU_ieee37,SCADA_MASTER,DNP3,REPORT,RTU_TO_SCADA,263,CURRENT_line_Line_l_744_729_C,0.001,A,GOOD,DELIVERED,0,0,,,,,DISCOVERED,ATTACK,multi_step_attack,T0846
multi_step_attack_ieee37-atk264,multi_step_attack_ieee37,2010-07-01T00:00:00,ieee37,RTU_ieee37,SCADA_MASTER,DNP3,REPORT,RTU_TO_SCADA,264,CURRENT_line_Line_l_799_701_A,366.356,A,GOOD,DELIVERED,0,0,,,,,DISCOVERED,ATTACK,multi_step_attack,T0846
multi_step_attack_ieee37-atk265,multi_step_attack_ieee37,2010-07-01T00:00:00,ieee37,RTU_ieee37,SCADA_MASTER,DNP3,REPORT,RTU_TO_SCADA,265,CURRENT_line_Line_l_799_701_B,449.633,A,GOOD,DELIVERED,0,0,,,,,DISCOVERED,ATTACK,multi_step_attack,T0846
multi_step_attack_ieee37-atk266,multi_step_attack_ieee37,2010-07-01T00:00:00,ieee37,RTU_ieee37,SCADA_MASTER,DNP3,REPORT,RTU_TO_SCADA,266,CURRENT_line_Line_l_799_701_C,358.626,A,GOOD,DELIVERED,0,0,,,,,DISCOVERED,ATTACK,multi_step_attack,T0846
multi_step_attack_ieee37-atk267,multi_step_attack_ieee37,2010-07-01T00:00:00,ieee37,RTU_ieee37,SCADA_MASTER,DNP3,REPORT,RTU_TO_SCADA,267,CURRENT_source_Vsource_source_A,7.646,A,GOOD,DELIVERED,0,0,,,,,DISCOVERED,ATTACK,multi_step_attack,T0846
multi_step_attack_ieee37-atk268,multi_step_attack_ieee37,2010-07-01T00:00:00,ieee37,RTU_ieee37,SCADA_MASTER,DNP3,REPORT,RTU_TO_SCADA,268,CURRENT_source_Vsource_source_B,9.384,A,GOOD,DELIVERED,0,0,,,,,DISCOVERED,ATTACK,multi_step_attack,T0846
multi_step_attack_ieee37-atk269,multi_step_attack_ieee37,2010-07-01T00:00:00,ieee37,RTU_ieee37,SCADA_MASTER,DNP3,REPORT,RTU_TO_SCADA,269,CURRENT_source_Vsource_source_C,7.484,A,GOOD,DELIVERED,0,0,,,,,DISCOVERED,ATTACK,multi_step_attack,T0846
multi_step_attack_ieee37-atk027,multi_step_attack_ieee37,2010-07-01T00:00:00,ieee37,RTU_ieee37,SCADA_MASTER,DNP3,REPORT,RTU_TO_SCADA,27,BUS_709_VPU_AB,0.8837777032222419,pu,GOOD,DELIVERED,0,0,,,,,DISCOVERED,ATTACK,multi_step_attack,T0846
multi_step_attack_ieee37-atk270,multi_step_attack_ieee37,2010-07-01T00:00:00,ieee37,RTU_ieee37,SCADA_MASTER,DNP3,REPORT,RTU_TO_SCADA,270,FEEDER_CONVERGED,1.0,,GOOD,DELIVERED,0,0,,,,,DISCOVERED,ATTACK,multi_step_attack,T0846
multi_step_attack_ieee37-atk271,multi_step_attack_ieee37,2010-07-01T00:00:00,ieee37,RTU_ieee37,SCADA_MASTER,DNP3,REPORT,RTU_TO_SCADA,271,FEEDER_SOURCE_P,2752.68,kW,GOOD,DELIVERED,0,0,,,,,DISCOVERED,ATTACK,multi_step_attack,T0846
multi_step_attack_ieee37-atk272,multi_step_attack_ieee37,2010-07-01T00:00:00,ieee37,RTU_ieee37,SCADA_MASTER,DNP3,REPORT,RTU_TO_SCADA,272,FEEDER_SOURCE_Q,1697.36,kvar,GOOD,DELIVERED,0,0,,,,,DISCOVERED,ATTACK,multi_step_attack,T0846
multi_step_attack_ieee37-atk273,multi_step_attack_ieee37,2010-07-01T00:00:00,ieee37,RTU_ieee37,SCADA_MASTER,DNP3,REPORT,RTU_TO_SCADA,273,FEEDER_VPU_MAX,0.9385,pu,GOOD,DELIVERED,0,0,,,,,DISCOVERED,ATTACK,multi_step_attack,T0846
multi_step_attack_ieee37-atk274,multi_step_attack_ieee37,2010-07-01T00:00:00,ieee37,RTU_ieee37,SCADA_MASTER,DNP3,REPORT,RTU_TO_SCADA,274,FEEDER_VPU_MIN,0.8327,pu,GOOD,DELIVERED,0,0,,,,,DISCOVERED,ATTACK,multi_step_attack,T0846
multi_step_attack_ieee37-atk028,multi_step_attack_ieee37,2010-07-01T00:00:00,ieee37,RTU_ieee37,SCADA_MASTER,DNP3,REPORT,RTU_TO_SCADA,28,BUS_709_VPU_BC,0.875971723143524,pu,GOOD,DELIVERED,0,0,,,,,DISCOVERED,ATTACK,multi_step_attack,T0846
multi_step_attack_ieee37-atk029,multi_step_attack_ieee37,2010-07-01T00:00:00,ieee37,RTU_ieee37,SCADA_MASTER,DNP3,REPORT,RTU_TO_SCADA,29,BUS_709_VPU_CA,0.9022588988624153,pu,GOOD,DELIVERED,0,0,,,,,DISCOVERED,ATTACK,multi_step_attack,T0846
multi_step_attack_ieee37-atk003,multi_step_attack_ieee37,2010-07-01T00:00:00,ieee37,RTU_ieee37,SCADA_MASTER,DNP3,REPORT,RTU_TO_SCADA,3,BUS_701_VPU_AB,0.91681953662693,pu,GOOD,DELIVERED,0,0,,,,,DISCOVERED,ATTACK,multi_step_attack,T0846
multi_step_attack_ieee37-atk030,multi_step_attack_ieee37,2010-07-01T00:00:00,ieee37,RTU_ieee37,SCADA_MASTER,DNP3,REPORT,RTU_TO_SCADA,30,BUS_710_VPU_AB,0.8664946317231145,pu,GOOD,DELIVERED,0,0,,,,,DISCOVERED,ATTACK,multi_step_attack,T0846
multi_step_attack_ieee37-atk031,multi_step_attack_ieee37,2010-07-01T00:00:00,ieee37,RTU_ieee37,SCADA_MASTER,DNP3,REPORT,RTU_TO_SCADA,31,BUS_710_VPU_BC,0.8712094615688788,pu,GOOD,DELIVERED,0,0,,,,,DISCOVERED,ATTACK,multi_step_attack,T0846
multi_step_attack_ieee37-atk032,multi_step_attack_ieee37,2010-07-01T00:00:00,ieee37,RTU_ieee37,SCADA_MASTER,DNP3,REPORT,RTU_TO_SCADA,32,BUS_710_VPU_CA,0.8934811962829682,pu,GOOD,DELIVERED,0,0,,,,,DISCOVERED,ATTACK,multi_step_attack,T0846
multi_step_attack_ieee37-atk033,multi_step_attack_ieee37,2010-07-01T00:00:00,ieee37,RTU_ieee37,SCADA_MASTER,DNP3,REPORT,RTU_TO_SCADA,33,BUS_711_VPU_AB,0.8571022607237165,pu,GOOD,DELIVERED,0,0,,,,,DISCOVERED,ATTACK,multi_step_attack,T0846
multi_step_attack_ieee37-atk034,multi_step_attack_ieee37,2010-07-01T00:00:00,ieee37,RTU_ieee37,SCADA_MASTER,DNP3,REPORT,RTU_TO_SCADA,34,BUS_711_VPU_BC,0.8692889789064242,pu,GOOD,DELIVERED,0,0,,,,,DISCOVERED,ATTACK,multi_step_attack,T0846
multi_step_attack_ieee37-atk035,multi_step_attack_ieee37,2010-07-01T00:00:00,ieee37,RTU_ieee37,SCADA_MASTER,DNP3,REPORT,RTU_TO_SCADA,35,BUS_711_VPU_CA,0.8905498451874784,pu,GOOD,DELIVERED,0,0,,,,,DISCOVERED,ATTACK,multi_step_attack,T0846
multi_step_attack_ieee37-atk036,multi_step_attack_ieee37,2010-07-01T00:00:00,ieee37,RTU_ieee37,SCADA_MASTER,DNP3,REPORT,RTU_TO_SCADA,36,BUS_712_VPU_AB,0.9062475857879173,pu,GOOD,DELIVERED,0,0,,,,,DISCOVERED,ATTACK,multi_step_attack,T0846
multi_step_attack_ieee37-atk037,multi_step_attack_ieee37,2010-07-01T00:00:00,ieee37,RTU_ieee37,SCADA_MASTER,DNP3,REPORT,RTU_TO_SCADA,37,BUS_712_VPU_BC,0.8828579175972641,pu,GOOD,DELIVERED,0,0,,,,,DISCOVERED,ATTACK,multi_step_attack,T0846
multi_step_attack_ieee37-atk038,multi_step_attack_ieee37,2010-07-01T00:00:00,ieee37,RTU_ieee37,SCADA_MASTER,DNP3,REPORT,RTU_TO_SCADA,38,BUS_712_VPU_CA,0.9144764464160159,pu,GOOD,DELIVERED,0,0,,,,,DISCOVERED,ATTACK,multi_step_attack,T0846
multi_step_attack_ieee37-atk039,multi_step_attack_ieee37,2010-07-01T00:00:00,ieee37,RTU_ieee37,SCADA_MASTER,DNP3,REPORT,RTU_TO_SCADA,39,BUS_713_VPU_AB,0.9033011322735022,pu,GOOD,DELIVERED,0,0,,,,,DISCOVERED,ATTACK,multi_step_attack,T0846
multi_step_attack_ieee37-atk004,multi_step_attack_ieee37,2010-07-01T00:00:00,ieee37,RTU_ieee37,SCADA_MASTER,DNP3,REPORT,RTU_TO_SCADA,4,BUS_701_VPU_BC,0.894226925722235,pu,GOOD,DELIVERED,0,0,,,,,DISCOVERED,ATTACK,multi_step_attack,T0846
multi_step_attack_ieee37-atk040,multi_step_attack_ieee37,2010-07-01T00:00:00,ieee37,RTU_ieee37,SCADA_MASTER,DNP3,REPORT,RTU_TO_SCADA,40,BUS_713_VPU_BC,0.8763697935670179,pu,GOOD,DELIVERED,0,0,,,,,DISCOVERED,ATTACK,multi_step_attack,T0846
multi_step_attack_ieee37-atk041,multi_step_attack_ieee37,2010-07-01T00:00:00,ieee37,RTU_ieee37,SCADA_MASTER,DNP3,REPORT,RTU_TO_SCADA,41,BUS_713_VPU_CA,0.9116392632241815,pu,GOOD,DELIVERED,0,0,,,,,DISCOVERED,ATTACK,multi_step_attack,T0846
multi_step_attack_ieee37-atk042,multi_step_attack_ieee37,2010-07-01T00:00:00,ieee37,RTU_ieee37,SCADA_MASTER,DNP3,REPORT,RTU_TO_SCADA,42,BUS_714_VPU_AB,0.8983208300700437,pu,GOOD,DELIVERED,0,0,,,,,DISCOVERED,ATTACK,multi_step_attack,T0846
multi_step_attack_ieee37-atk043,multi_step_attack_ieee37,2010-07-01T00:00:00,ieee37,RTU_ieee37,SCADA_MASTER,DNP3,REPORT,RTU_TO_SCADA,43,BUS_714_VPU_BC,0.8662256116189531,pu,GOOD,DELIVERED,0,0,,,,,DISCOVERED,ATTACK,multi_step_attack,T0846
multi_step_attack_ieee37-atk044,multi_step_attack_ieee37,2010-07-01T00:00:00,ieee37,RTU_ieee37,SCADA_MASTER,DNP3,REPORT,RTU_TO_SCADA,44,BUS_714_VPU_CA,0.9071019280797854,pu,GOOD,DELIVERED,0,0,,,,,DISCOVERED,ATTACK,multi_step_attack,T0846
multi_step_attack_ieee37-atk045,multi_step_attack_ieee37,2010-07-01T00:00:00,ieee37,RTU_ieee37,SCADA_MASTER,DNP3,REPORT,RTU_TO_SCADA,45,BUS_718_VPU_AB,0.8966879538876935,pu,GOOD,DELIVERED,0,0,,,,,DISCOVERED,ATTACK,multi_step_attack,T0846
multi_step_attack_ieee37-atk046,multi_step_attack_ieee37,2010-07-01T00:00:00,ieee37,RTU_ieee37,SCADA_MASTER,DNP3,REPORT,RTU_TO_SCADA,46,BUS_718_VPU_BC,0.8659840450255507,pu,GOOD,DELIVERED,0,0,,,,,DISCOVERED,ATTACK,multi_step_attack,T0846
multi_step_attack_ieee37-atk047,multi_step_attack_ieee37,2010-07-01T00:00:00,ieee37,RTU_ieee37,SCADA_MASTER,DNP3,REPORT,RTU_TO_SCADA,47,BUS_718_VPU_CA,0.9065748406130149,pu,GOOD,DELIVERED,0,0,,,,,DISCOVERED,ATTACK,multi_step_attack,T0846
multi_step_attack_ieee37-atk048,multi_step_attack_ieee37,2010-07-01T00:00:00,ieee37,RTU_ieee37,SCADA_MASTER,DNP3,REPORT,RTU_TO_SCADA,48,BUS_720_VPU_AB,0.8955043546058388,pu,GOOD,DELIVERED,0,0,,,,,DISCOVERED,ATTACK,multi_step_attack,T0846
multi_step_attack_ieee37-atk049,multi_step_attack_ieee37,2010-07-01T00:00:00,ieee37,RTU_ieee37,SCADA_MASTER,DNP3,REPORT,RTU_TO_SCADA,49,BUS_720_VPU_BC,0.8539775866248341,pu,GOOD,DELIVERED,0,0,,,,,DISCOVERED,ATTACK,multi_step_attack,T0846
multi_step_attack_ieee37-atk005,multi_step_attack_ieee37,2010-07-01T00:00:00,ieee37,RTU_ieee37,SCADA_MASTER,DNP3,REPORT,RTU_TO_SCADA,5,BUS_701_VPU_CA,0.9244473688514535,pu,GOOD,DELIVERED,0,0,,,,,DISCOVERED,ATTACK,multi_step_attack,T0846
multi_step_attack_ieee37-atk050,multi_step_attack_ieee37,2010-07-01T00:00:00,ieee37,RTU_ieee37,SCADA_MASTER,DNP3,REPORT,RTU_TO_SCADA,50,BUS_720_VPU_CA,0.9019407992881823,pu,GOOD,DELIVERED,0,0,,,,,DISCOVERED,ATTACK,multi_step_attack,T0846
multi_step_attack_ieee37-atk051,multi_step_attack_ieee37,2010-07-01T00:00:00,ieee37,RTU_ieee37,SCADA_MASTER,DNP3,REPORT,RTU_TO_SCADA,51,BUS_722_VPU_AB,0.8883241665927708,pu,GOOD,DELIVERED,0,0,,,,,DISCOVERED,ATTACK,multi_step_attack,T0846
multi_step_attack_ieee37-atk052,multi_step_attack_ieee37,2010-07-01T00:00:00,ieee37,RTU_ieee37,SCADA_MASTER,DNP3,REPORT,RTU_TO_SCADA,52,BUS_722_VPU_BC,0.8326538792869738,pu,GOOD,DELIVERED,0,0,,,,,DISCOVERED,ATTACK,multi_step_attack,T0846
multi_step_attack_ieee37-atk053,multi_step_attack_ieee37,2010-07-01T00:00:00,ieee37,RTU_ieee37,SCADA_MASTER,DNP3,REPORT,RTU_TO_SCADA,53,BUS_722_VPU_CA,0.8949263297577077,pu,GOOD,DELIVERED,0,0,,,,,DISCOVERED,ATTACK,multi_step_attack,T0846
multi_step_attack_ieee37-atk054,multi_step_attack_ieee37,2010-07-01T00:00:00,ieee37,RTU_ieee37,SCADA_MASTER,DNP3,REPORT,RTU_TO_SCADA,54,BUS_724_VPU_AB,0.888658561506302,pu,GOOD,DELIVERED,0,0,,,,,DISCOVERED,ATTACK,multi_step_attack,T0846
multi_step_attack_ieee37-atk055,multi_step_attack_ieee37,2010-07-01T00:00:00,ieee37,RTU_ieee37,SCADA_MASTER,DNP3,REPORT,RTU_TO_SCADA,55,BUS_724_VPU_BC,0.833547750132461,pu,GOOD,DELIVERED,0,0,,,,,DISCOVERED,ATTACK,multi_step_attack,T0846
multi_step_attack_ieee37-atk056,multi_step_attack_ieee37,2010-07-01T00:00:00,ieee37,RTU_ieee37,SCADA_MASTER,DNP3,REPORT,RTU_TO_SCADA,56,BUS_724_VPU_CA,0.8954360370016164,pu,GOOD,DELIVERED,0,0,,,,,DISCOVERED,ATTACK,multi_step_attack,T0846
multi_step_attack_ieee37-atk057,multi_step_attack_ieee37,2010-07-01T00:00:00,ieee37,RTU_ieee37,SCADA_MASTER,DNP3,REPORT,RTU_TO_SCADA,57,BUS_725_VPU_AB,0.8942693753839711,pu,GOOD,DELIVERED,0,0,,,,,DISCOVERED,ATTACK,multi_step_attack,T0846
multi_step_attack_ieee37-atk058,multi_step_attack_ieee37,2010-07-01T00:00:00,ieee37,RTU_ieee37,SCADA_MASTER,DNP3,REPORT,RTU_TO_SCADA,58,BUS_725_VPU_BC,0.8494178856327497,pu,GOOD,DELIVERED,0,0,,,,,DISCOVERED,ATTACK,multi_step_attack,T0846
multi_step_attack_ieee37-atk059,multi_step_attack_ieee37,2010-07-01T00:00:00,ieee37,RTU_ieee37,SCADA_MASTER,DNP3,REPORT,RTU_TO_SCADA,59,BUS_725_VPU_CA,0.9008023520670878,pu,GOOD,DELIVERED,0,0,,,,,DISCOVERED,ATTACK,multi_step_attack,T0846
multi_step_attack_ieee37-atk006,multi_step_attack_ieee37,2010-07-01T00:00:00,ieee37,RTU_ieee37,SCADA_MASTER,DNP3,REPORT,RTU_TO_SCADA,6,BUS_702_VPU_AB,0.9064079469811421,pu,GOOD,DELIVERED,0,0,,,,,DISCOVERED,ATTACK,multi_step_attack,T0846
multi_step_attack_ieee37-atk060,multi_step_attack_ieee37,2010-07-01T00:00:00,ieee37,RTU_ieee37,SCADA_MASTER,DNP3,REPORT,RTU_TO_SCADA,60,BUS_727_VPU_AB,0.8946129459933153,pu,GOOD,DELIVERED,0,0,,,,,DISCOVERED,ATTACK,multi_step_attack,T0846
multi_step_attack_ieee37-atk061,multi_step_attack_ieee37,2010-07-01T00:00:00,ieee37,RTU_ieee37,SCADA_MASTER,DNP3,REPORT,RTU_TO_SCADA,61,BUS_727_VPU_BC,0.8788016042509252,pu,GOOD,DELIVERED,0,0,,,,,DISCOVERED,ATTACK,multi_step_attack,T0846
multi_step_attack_ieee37-atk062,multi_step_attack_ieee37,2010-07-01T00:00:00,ieee37,RTU_ieee37,SCADA_MASTER,DNP3,REPORT,RTU_TO_SCADA,62,BUS_727_VPU_CA,0.9074746333853102,pu,GOOD,DELIVERED,0,0,,,,,DISCOVERED,ATTACK,multi_step_attack,T0846
multi_step_attack_ieee37-atk063,multi_step_attack_ieee37,2010-07-01T00:00:00,ieee37,RTU_ieee37,SCADA_MASTER,DNP3,REPORT,RTU_TO_SCADA,63,BUS_728_VPU_AB,0.8939270836804862,pu,GOOD,DELIVERED,0,0,,,,,DISCOVERED,ATTACK,multi_step_attack,T0846
multi_step_attack_ieee37-atk064,multi_step_attack_ieee37,2010-07-01T00:00:00,ieee37,RTU_ieee37,SCADA_MASTER,DNP3,REPORT,RTU_TO_SCADA,64,BUS_728_VPU_BC,0.8784841019815135,pu,GOOD,DELIVERED,0,0,,,,,DISCOVERED,ATTACK,multi_step_attack,T0846
multi_step_attack_ieee37-atk065,multi_step_attack_ieee37,2010-07-01T00:00:00,ieee37,RTU_ieee37,SCADA_MASTER,DNP3,REPORT,RTU_TO_SCADA,65,BUS_728_VPU_CA,0.9071199897195991,pu,GOOD,DELIVERED,0,0,,,,,DISCOVERED,ATTACK,multi_step_attack,T0846
multi_step_attack_ieee37-atk066,multi_step_attack_ieee37,2010-07-01T00:00:00,ieee37,RTU_ieee37,SCADA_MASTER,DNP3,REPORT,RTU_TO_SCADA,66,BUS_729_VPU_AB,0.8933423865843376,pu,GOOD,DELIVERED,0,0,,,,,DISCOVERED,ATTACK,multi_step_attack,T0846
multi_step_attack_ieee37-atk067,multi_step_attack_ieee37,2010-07-01T00:00:00,ieee37,RTU_ieee37,SCADA_MASTER,DNP3,REPORT,RTU_TO_SCADA,67,BUS_729_VPU_BC,0.8785097036509895,pu,GOOD,DELIVERED,0,0,,,,,DISCOVERED,ATTACK,multi_step_attack,T0846
multi_step_attack_ieee37-atk068,multi_step_attack_ieee37,2010-07-01T00:00:00,ieee37,RTU_ieee37,SCADA_MASTER,DNP3,REPORT,RTU_TO_SCADA,68,BUS_729_VPU_CA,0.9070231003645663,pu,GOOD,DELIVERED,0,0,,,,,DISCOVERED,ATTACK,multi_step_attack,T0846
multi_step_attack_ieee37-atk069,multi_step_attack_ieee37,2010-07-01T00:00:00,ieee37,RTU_ieee37,SCADA_MASTER,DNP3,REPORT,RTU_TO_SCADA,69,BUS_730_VPU_AB,0.8867017462478515,pu,GOOD,DELIVERED,0,0,,,,,DISCOVERED,ATTACK,multi_step_attack,T0846
multi_step_attack_ieee37-atk007,multi_step_attack_ieee37,2010-07-01T00:00:00,ieee37,RTU_ieee37,SCADA_MASTER,DNP3,REPORT,RTU_TO_SCADA,7,BUS_702_VPU_BC,0.8831702517986025,pu,GOOD,DELIVERED,0,0,,,,,DISCOVERED,ATTACK,multi_step_attack,T0846
multi_step_attack_ieee37-atk070,multi_step_attack_ieee37,2010-07-01T00:00:00,ieee37,RTU_ieee37,SCADA_MASTER,DNP3,REPORT,RTU_TO_SCADA,70,BUS_730_VPU_BC,0.87678077338256,pu,GOOD,DELIVERED,0,0,,,,,DISCOVERED,ATTACK,multi_step_attack,T0846
multi_step_attack_ieee37-atk071,multi_step_attack_ieee37,2010-07-01T00:00:00,ieee37,RTU_ieee37,SCADA_MASTER,DNP3,REPORT,RTU_TO_SCADA,71,BUS_730_VPU_CA,0.9037496439729376,pu,GOOD,DELIVERED,0,0,,,,,DISCOVERED,ATTACK,multi_step_attack,T0846
multi_step_attack_ieee37-atk072,multi_step_attack_ieee37,2010-07-01T00:00:00,ieee37,RTU_ieee37,SCADA_MASTER,DNP3,REPORT,RTU_TO_SCADA,72,BUS_731_VPU_AB,0.883756097246908,pu,GOOD,DELIVERED,0,0,,,,,DISCOVERED,ATTACK,multi_step_attack,T0846
multi_step_attack_ieee37-atk073,multi_step_attack_ieee37,2010-07-01T00:00:00,ieee37,RTU_ieee37,SCADA_MASTER,DNP3,REPORT,RTU_TO_SCADA,73,BUS_731_VPU_BC,0.8758761393452879,pu,GOOD,DELIVERED,0,0,,,,,DISCOVERED,ATTACK,multi_step_attack,T0846
multi_step_attack_ieee37-atk074,multi_step_attack_ieee37,2010-07-01T00:00:00,ieee37,RTU_ieee37,SCADA_MASTER,DNP3,REPORT,RTU_TO_SCADA,74,BUS_731_VPU_CA,0.9022281552161938,pu,GOOD,DELIVERED,0,0,,,,,DISCOVERED,ATTACK,multi_step_attack,T0846
multi_step_attack_ieee37-atk075,multi_step_attack_ieee37,2010-07-01T00:00:00,ieee37,RTU_ieee37,SCADA_MASTER,DNP3,REPORT,RTU_TO_SCADA,75,BUS_732_VPU_AB,0.8790781840390427,pu,GOOD,DELIVERED,0,0,,,,,DISCOVERED,ATTACK,multi_step_attack,T0846
multi_step_attack_ieee37-atk076,multi_step_attack_ieee37,2010-07-01T00:00:00,ieee37,RTU_ieee37,SCADA_MASTER,DNP3,REPORT,RTU_TO_SCADA,76,BUS_732_VPU_BC,0.8746800209551575,pu,GOOD,DELIVERED,0,0,,,,,DISCOVERED,ATTACK,multi_step_attack,T0846
multi_step_attack_ieee37-atk077,multi_step_attack_ieee37,2010-07-01T00:00:00,ieee37,RTU_ieee37,SCADA_MASTER,DNP3,REPORT,RTU_TO_SCADA,77,BUS_732_VPU_CA,0.8997341990597958,pu,GOOD,DELIVERED,0,0,,,,,DISCOVERED,ATTACK,multi_step_attack,T0846
multi_step_attack_ieee37-atk078,multi_step_attack_ieee37,2010-07-01T00:00:00,ieee37,RTU_ieee37,SCADA_MASTER,DNP3,REPORT,RTU_TO_SCADA,78,BUS_733_VPU_AB,0.874471850537819,pu,GOOD,DELIVERED,0,0,,,,,DISCOVERED,ATTACK,multi_step_attack,T0846
multi_step_attack_ieee37-atk079,multi_step_attack_ieee37,2010-07-01T00:00:00,ieee37,RTU_ieee37,SCADA_MASTER,DNP3,REPORT,RTU_TO_SCADA,79,BUS_733_VPU_BC,0.8735087246110205,pu,GOOD,DELIVERED,0,0,,,,,DISCOVERED,ATTACK,multi_step_attack,T0846
multi_step_attack_ieee37-atk008,multi_step_attack_ieee37,2010-07-01T00:00:00,ieee37,RTU_ieee37,SCADA_MASTER,DNP3,REPORT,RTU_TO_SCADA,8,BUS_702_VPU_CA,0.9148582535181231,pu,GOOD,DELIVERED,0,0,,,,,DISCOVERED,ATTACK,multi_step_attack,T0846
multi_step_attack_ieee37-atk080,multi_step_attack_ieee37,2010-07-01T00:00:00,ieee37,RTU_ieee37,SCADA_MASTER,DNP3,REPORT,RTU_TO_SCADA,80,BUS_733_VPU_CA,0.8976274335182224,pu,GOOD,DELIVERED,0,0,,,,,DISCOVERED,ATTACK,multi_step_attack,T0846
multi_step_attack_ieee37-atk081,multi_step_attack_ieee37,2010-07-01T00:00:00,ieee37,RTU_ieee37,SCADA_MASTER,DNP3,REPORT,RTU_TO_SCADA,81,BUS_734_VPU_AB,0.8665880895255471,pu,GOOD,DELIVERED,0,0,,,,,DISCOVERED,ATTACK,multi_step_attack,T0846
multi_step_attack_ieee37-atk082,multi_step_attack_ieee37,2010-07-01T00:00:00,ieee37,RTU_ieee37,SCADA_MASTER,DNP3,REPORT,RTU_TO_SCADA,82,BUS_734_VPU_BC,0.8714274568775695,pu,GOOD,DELIVERED,0,0,,,,,DISCOVERED,ATTACK,multi_step_attack,T0846
multi_step_attack_ieee37-atk083,multi_step_attack_ieee37,2010-07-01T00:00:00,ieee37,RTU_ieee37,SCADA_MASTER,DNP3,REPORT,RTU_TO_SCADA,83,BUS_734_VPU_CA,0.893723840182663,pu,GOOD,DELIVERED,0,0,,,,,DISCOVERED,ATTACK,multi_step_attack,T0846
multi_step_attack_ieee37-atk084,multi_step_attack_ieee37,2010-07-01T00:00:00,ieee37,RTU_ieee37,SCADA_MASTER,DNP3,REPORT,RTU_TO_SCADA,84,BUS_735_VPU_AB,0.866477573343456,pu,GOOD,DELIVERED,0,0,,,,,DISCOVERED,ATTACK,multi_step_attack,T0846
multi_step_attack_ieee37-atk085,multi_step_attack_ieee37,2010-07-01T00:00:00,ieee37,RTU_ieee37,SCADA_MASTER,DNP3,REPORT,RTU_TO_SCADA,85,BUS_735_VPU_BC,0.8711850191954399,pu,GOOD,DELIVERED,0,0,,,,,DISCOVERED,ATTACK,multi_step_attack,T0846
multi_step_attack_ieee37-atk086,multi_step_attack_ieee37,2010-07-01T00:00:00,ieee37,RTU_ieee37,SCADA_MASTER,DNP3,REPORT,RTU_TO_SCADA,86,BUS_735_VPU_CA,0.8934004356021916,pu,GOOD,DELIVERED,0,0,,,,,DISCOVERED,ATTACK,multi_step_attack,T0846
multi_step_attack_ieee37-atk087,multi_step_attack_ieee37,2010-07-01T00:00:00,ieee37,RTU_ieee37,SCADA_MASTER,DNP3,REPORT,RTU_TO_SCADA,87,BUS_736_VPU_AB,0.866373647107311,pu,GOOD,DELIVERED,0,0,,,,,DISCOVERED,ATTACK,multi_step_attack,T0846
multi_step_attack_ieee37-atk088,multi_step_attack_ieee37,2010-07-01T00:00:00,ieee37,RTU_ieee37,SCADA_MASTER,DNP3,REPORT,RTU_TO_SCADA,88,BUS_736_VPU_BC,0.8708291649961548,pu,GOOD,DELIVERED,0,0,,,,,DISCOVERED,ATTACK,multi_step_attack,T0846
multi_step_attack_ieee37-atk089,multi_step_attack_ieee37,2010-07-01T00:00:00,ieee37,RTU_ieee37,SCADA_MASTER,DNP3,REPORT,RTU_TO_SCADA,89,BUS_736_VPU_CA,0.8934006617722063,pu,GOOD,DELIVERED,0,0,,,,,DISCOVERED,ATTACK,multi_step_attack,T0846
multi_step_attack_ieee37-atk009,multi_step_attack_ieee37,2010-07-01T00:00:00,ieee37,RTU_ieee37,SCADA_MASTER,DNP3,REPORT,RTU_TO_SCADA,9,BUS_703_VPU_AB,0.895627262782315,pu,GOOD,DELIVERED,0,0,,,,,DISCOVERED,ATTACK,multi_step_attack,T0846
multi_step_attack_ieee37-atk090,multi_step_attack_ieee37,2010-07-01T00:00:00,ieee37,RTU_ieee37,SCADA_MASTER,DNP3,REPORT,RTU_TO_SCADA,90,BUS_737_VPU_AB,0.8582108206360596,pu,GOOD,DELIVERED,0,0,,,,,DISCOVERED,ATTACK,multi_step_attack,T0846
multi_step_attack_ieee37-atk091,multi_step_attack_ieee37,2010-07-01T00:00:00,ieee37,RTU_ieee37,SCADA_MASTER,DNP3,REPORT,RTU_TO_SCADA,91,BUS_737_VPU_BC,0.8696139929120562,pu,GOOD,DELIVERED,0,0,,,,,DISCOVERED,ATTACK,multi_step_attack,T0846
multi_step_attack_ieee37-atk092,multi_step_attack_ieee37,2010-07-01T00:00:00,ieee37,RTU_ieee37,SCADA_MASTER,DNP3,REPORT,RTU_TO_SCADA,92,BUS_737_VPU_CA,0.8913676094749861,pu,GOOD,DELIVERED,0,0,,,,,DISCOVERED,ATTACK,multi_step_attack,T0846
multi_step_attack_ieee37-atk093,multi_step_attack_ieee37,2010-07-01T00:00:00,ieee37,RTU_ieee37,SCADA_MASTER,DNP3,REPORT,RTU_TO_SCADA,93,BUS_738_VPU_AB,0.8571942545572372,pu,GOOD,DELIVERED,0,0,,,,,DISCOVERED,ATTACK,multi_step_attack,T0846
multi_step_attack_ieee37-atk094,multi_step_attack_ieee37,2010-07-01T00:00:00,ieee37,RTU_ieee37,SCADA_MASTER,DNP3,REPORT,RTU_TO_SCADA,94,BUS_738_VPU_BC,0.8693548669046176,pu,GOOD,DELIVERED,0,0,,,,,DISCOVERED,ATTACK,multi_step_attack,T0846
multi_step_attack_ieee37-atk095,multi_step_attack_ieee37,2010-07-01T00:00:00,ieee37,RTU_ieee37,SCADA_MASTER,DNP3,REPORT,RTU_TO_SCADA,95,BUS_738_VPU_CA,0.8908555936053649,pu,GOOD,DELIVERED,0,0,,,,,DISCOVERED,ATTACK,multi_step_attack,T0846
multi_step_attack_ieee37-atk096,multi_step_attack_ieee37,2010-07-01T00:00:00,ieee37,RTU_ieee37,SCADA_MASTER,DNP3,REPORT,RTU_TO_SCADA,96,BUS_740_VPU_AB,0.8570597719843823,pu,GOOD,DELIVERED,0,0,,,,,DISCOVERED,ATTACK,multi_step_attack,T0846
multi_step_attack_ieee37-atk097,multi_step_attack_ieee37,2010-07-01T00:00:00,ieee37,RTU_ieee37,SCADA_MASTER,DNP3,REPORT,RTU_TO_SCADA,97,BUS_740_VPU_BC,0.8692266553088828,pu,GOOD,DELIVERED,0,0,,,,,DISCOVERED,ATTACK,multi_step_attack,T0846
multi_step_attack_ieee37-atk098,multi_step_attack_ieee37,2010-07-01T00:00:00,ieee37,RTU_ieee37,SCADA_MASTER,DNP3,REPORT,RTU_TO_SCADA,98,BUS_740_VPU_CA,0.8903463656243472,pu,GOOD,DELIVERED,0,0,,,,,DISCOVERED,ATTACK,multi_step_attack,T0846
multi_step_attack_ieee37-atk099,multi_step_attack_ieee37,2010-07-01T00:00:00,ieee37,RTU_ieee37,SCADA_MASTER,DNP3,REPORT,RTU_TO_SCADA,99,BUS_741_VPU_AB,0.8570815911001267,pu,GOOD,DELIVERED,0,0,,,,,DISCOVERED,ATTACK,multi_step_attack,T0846
multi_step_attack_ieee37-atk275,multi_step_attack_ieee37,2010-07-01T00:00:01,ieee37,SCADA_MASTER,RTU_ieee37,DNP3,COMMAND,SCADA_TO_RTU,275,CTRL_load_load_018_enabled,0.0,,GOOD,DELIVERED,0,1,,True,,CMD-UNAUTHORIZED_COMMAND-load_018-enabled,executed,ATTACK,multi_step_attack,T0846
multi_step_attack_ieee37-atk276,multi_step_attack_ieee37,2010-07-01T00:00:01,ieee37,RTU_ieee37,SCADA_MASTER,DNP3,REPORT,RTU_TO_SCADA,276,CTRL_load_load_018_enabled,0.0,,GOOD,DELIVERED,0,0,,True,False,CMD-UNAUTHORIZED_COMMAND-load_018-enabled,APPLIED,ATTACK,multi_step_attack,T0846
multi_step_attack_ieee37-atk277,multi_step_attack_ieee37,2010-07-01T00:00:02,ieee37,SCADA_MASTER,RTU_ieee37,DNP3,COMMAND,SCADA_TO_RTU,277,CTRL_load_load_022_kvar_multiplier,1.35,pu,GOOD,DELIVERED,0,1,,1.0,,PARAM-PARAMETER_MODIFICATION-load_022-kvar_multiplier,executed,ATTACK,multi_step_attack,T0846
multi_step_attack_ieee37-atk278,multi_step_attack_ieee37,2010-07-01T00:00:02,ieee37,RTU_ieee37,SCADA_MASTER,DNP3,REPORT,RTU_TO_SCADA,278,CTRL_load_load_022_kvar_multiplier,1.35,pu,GOOD,DELIVERED,0,1,,1.0,1.35,PARAM-PARAMETER_MODIFICATION-load_022-kvar_multiplier,APPLIED,ATTACK,multi_step_attack,T0846
